id,id_origen,objetivo_de_la_iniciativa,breve_descripcion,tipo_de_proyecto,codigo_de_sistema,sistema_de_abastecimiento,zona,prioridad,plazo,costo,estado,principal_reto_por_superar,observacion,responsabilidad_atencion,activo,caudal_estimado_lps,volumen_estimado_m3,km_estimado
1,,Incrementar la disponibilidad hídrica de Coronado,"Captación del río Cascajal, planta potabilizadora, estaciones de bombeo y conducciones hacia San Rafael y Chiverrales.",Aumento de Recurso Hídrico,MEA01,ME-A-01 Tres Rios,,,,,,Adquisición de terrenos y servidumbres; inscripción del BPIP; elaboración de estudios y diseños.,,Lo puede atender el GAM,,130.0,,
2,,Incrementar la disponibilidad hídrica de Coronado,"Captación del río Cascajal, planta potabilizadora, estaciones de bombeo y conducciones hacia San Rafael y Chiverrales.",Aumento de Recurso Hídrico,MEA14,ME-A-14 San Rafael de Coronado,,,,,,Adquisición de terrenos y servidumbres; inscripción del BPIP; elaboración de estudios y diseños.,,,,35.0,,
3,,Incrementar la disponibilidad hídrica de Coronado,"Captación del río Cascajal, planta potabilizadora, estaciones de bombeo y conducciones hacia San Rafael y Chiverrales.",Aumento de Recurso Hídrico,MEA21,ME-A-21 Chiverrales,,,,,,Adquisición de terrenos y servidumbres; inscripción del BPIP; elaboración de estudios y diseños.,,,,20.0,,
4,,Incrementar la disponibilidad hídrica de Coronado,"Captación del río Cascajal, planta potabilizadora, estaciones de bombeo y conducciones hacia San Rafael y Chiverrales.",Aumento de Recurso Hídrico,MEA08,ME-A-08 Los Cuadros,,,,,,Adquisición de terrenos y servidumbres; inscripción del BPIP; elaboración de estudios y diseños.,,,,6.0,,
5,,Incrementar la disponibilidad hídrica de Coronado,"Captación del río Cascajal, planta potabilizadora, estaciones de bombeo y conducciones hacia San Rafael y Chiverrales.",Aumento de Recurso Hídrico,MEA13,ME-A-13 San Jeronimo de Moravia,,,,,,Adquisición de terrenos y servidumbres; inscripción del BPIP; elaboración de estudios y diseños.,,,,3.0,,
6,,Incrementar la disponibilidad hídrica de Coronado,"Captación del río Cascajal, planta potabilizadora, estaciones de bombeo y conducciones hacia San Rafael y Chiverrales.",Aumento de Recurso Hídrico,MEA10,ME-A-10 Mata de Plátano,,,,,,Adquisición de terrenos y servidumbres; inscripción del BPIP; elaboración de estudios y diseños.,,,,6.0,,
7,,Incorporar nuevas fuentes para Puriscal,Aprovechamiento de nacientes en Jigueral para reforzar la producción del sistema.,Aumento de Recurso Hídrico,MEA31,ME-A-31 Puriscal,,,,,,Inscripción del BPIP; adquisición de terrenos y servidumbres; elaboración de estudios y diseños.,,,,60.0,,
8,,Incrementar producción mediante pozo,"Perforación, equipamiento y puesta en operación de pozo en Jericó, con infraestructura de almacenamiento asociada.",Aumento de Recurso Hídrico,MEA30,ME-A-30 Jerico,,,,,,Estudios hidrogeológicos; adquisición de terreno; perforación y equipamiento del pozo.,,,,7.0,,
9,,Incrementar producción del sistema El Guarco,Perforación y equipamiento de dos nuevos pozos de producción para reforzar la disponibilidad hídrica del sistema.,Aumento de Recurso Hídrico,MEA27,ME-A-27 El Guarco,,,,,,Perforación de pozos; adquisición de terrenos y servidumbres; equipamiento electromecánico.,,,,20.0,,
10,,Incrementar producción del sistema El Guarco,"Gestión de convenio para préstamo, uso o aprovechamiento de pozo existente como fuente de apoyo al sistema.",Relación con ASADAS y terceros,MEA27,ME-A-27 El Guarco,,,,,,"Formalización del convenio; validación legal, técnica y operativa del pozo.",,,,,,
11,,Incorporar pozo Rancho Redondo,"Perforación de pozo, estación de bombeo e impulsión hacia el sector Vista de Mar.",Aumento de Recurso Hídrico,MEA28,ME-A-28 Vista de Mar,,,,,,Perforación del pozo; adquisición de terrenos y servidumbres; diseño y construcción de impulsión.,,,,5.0,,
12,,Aprovechar mayor caudal de Fuente San Pedro,Adecuación de infraestructura de captación y gestión de concesiones para aumentar el caudal aprovechable.,Aumento de Recurso Hídrico,MEA01,ME-A-01 Tres Rios,,,,,,,,,,30.0,,
13,,Aprovechar mayor caudal de Fuente San Pedro,Adecuación de infraestructura de captación y gestión de concesiones para aumentar el caudal aprovechable.,Aumento de Recurso Hídrico,MEA22,ME-A-22 Pizote,,,,,,Modificación de concesiones; obras de captación y adecuación hidráulica.,Descartado por bajo caudal en época seca.,,,20.0,,
14,,Modernizar Planta Potabilizadora Guadalupe,"Remodelación integral de la planta potabilizadora para aumentar confiabilidad, capacidad operativa y continuidad del tratamiento.",Mejora en procesos de potabilización,MEA02,ME-A-02 Guadalupe,,,,,,Diseño y ejecución de obras sin afectar la operación continua del sistema.,"Iniciativa por valorar, considerando la carencia de recurso hídrico del sistema.",,,,,
15,,"Aumentar almacenamiento en Escazú, tanque Entierrillos",Construcción de tanque de almacenamiento para reforzar el sector Colinas de Montealegre.,Mejora en Almacenamiento,MEA07,ME-A-07 San Antonio de Escazu,,,,,,Obtención de financiamiento; diseño y construcción del tanque.,,,,,4500.0,
16,,Mejorar abastecimiento de San Jerónimo,"Construcción de nuevo tanque, estación de bombeo e impulsión para el sector alto, junto con división operativa del sistema.",Mejora en Almacenamiento,MEA13,ME-A-13 San Jeronimo de Moravia,,,,,,Obtención de terreno para tanque; perforación del pozo; elaboración de estudios y diseños.,,,,,1000.0,
17,,Mejorar abastecimiento de Coronado,Construcción de impulsión desde Guadalupe hacia los tanques de San Rafael para reforzar el abastecimiento.,Mejora en trasvase de agua entre sistemas de abastecimiento,MEA14,ME-A-14 San Rafael de Coronado,,,,,,Construcción de impulsión; adecuaciones hidráulicas y operativas entre sistemas.,,,,7.0,,
18,,Reducir déficit en Salitral,Interconexión Salitral–Chirracal para transferir agua desde Potrerillos y reducir déficit operativo.,Mejora en trasvase de agua entre sistemas de abastecimiento,MEA05,ME-A-05 Salitral,,,,,,Construcción de conducción e interconexión; integración operativa con Potrerillos.,En ejecución.,,,15.0,,
19,,Incrementar abastecimiento al sur de San José,Nueva estación de bombeo y línea de impulsión Uruca–Tanques del Sur para reforzar el abastecimiento del sector sur.,Mejora en trasvase de agua entre sistemas de abastecimiento,MEA17,ME-A-17 La Valencia,,,,,,Alta inversión; requerimientos energéticos; construcción de infraestructura electromecánica y conducción.,En ejecución.,,,500.0,,
20,,Reforzar abastecimiento de Zapote y sectores del sur,Aprovechamiento de caudales provenientes de Tanques del Sur mediante interconexiones y adecuaciones hidráulicas.,Mejora en trasvase de agua entre sistemas de abastecimiento,MEA01,ME-A-01 Tres Rios,,,,,,"Adecuaciones hidráulicas, interconexiones y control operativo de caudales entre sectores.",,,,100.0,,
21,,Estación de rebombeo en CNP,"Nuevas interconexiones e infraestructura de rebombeo para optimizar la distribución entre Puente Mulas, Potrerillos, Santa Ana y MATRA.",Mejora en trasvase de agua entre sistemas de abastecimiento,MEA19,ME-A-19 Puente Mulas,,,,,,Complejidad operativa entre sistemas; definición de esquema hidráulico y control de caudales.,,,,100.0,,
22,,Mejorar abastecimiento en Bebedero,Modernización del rebombeo El Carmen mediante sustitución o incorporación de nuevas bombas y variadores de frecuencia.,Optimización,MEA07,ME-A-07 San Antonio de Escazu,,,,,,Disponibilidad eléctrica; adquisición e instalación de equipos electromecánicos.,Por verificar: se indica que posiblemente ya fue ejecutado por Luis Roberto.,,,,,
23,,Mejorar capacidad de producción de Los Sitios,Nueva aducción y mejoras en la captación de Río Macho para reforzar la producción del sistema.,Aumento de Recurso Hídrico,MEA04,ME-A-04 Los Sitios,,,,,,Obras en infraestructura existente; intervención en captación y conducción.,,,,,,
24,,Mejorar abastecimiento en Lajas,"Refuerzo del sistema para eliminar déficit, mejorar cobertura y aumentar confiabilidad operativa.",Optimización,MEA29,ME-A-29 Lajas,,,,,,Compra de terrenos y servidumbres; ejecución de obras de refuerzo.,Ejecutado.,,,,,
25,,Estabilizar infraestructura crítica,Protección y rehabilitación de estación de bombeo y tanque de Barbacoas afectados por condición de inestabilidad o deslizamiento.,Mantenimiento Correctivo y Preventivo,MEA31,ME-A-31 Puriscal,,,,,,Estabilización geotécnica del talud; protección de infraestructura existente.,,,,,,
26,,Mejorar confiabilidad de bombeo,"Modernización de la estación de bombeo de Barbacoas para mejorar confiabilidad, continuidad operativa y capacidad de respuesta.",Optimización,MEA31,ME-A-31 Puriscal,,,,,,Obras electromecánicas; continuidad operativa durante la intervención.,,,,,,
27,,"Completar infraestructura BCIE 2164, San José Oeste","Construcción o finalización de tanques, redes e infraestructura de bombeo en el sector oeste del acueducto.",Optimización,MEA19,ME-A-19 Puente Mulas,,,,,,Obtención de financiamiento; continuidad del proyecto y ejecución de componentes pendientes.,,,,,,
28,,"Completar infraestructura BCIE 2164, San José Oeste","Construcción o finalización de tanques, redes e infraestructura de bombeo en el sector oeste del acueducto.",Optimización,MEA16,ME-A-16 Potrerillos-San Antonio,,,,,,Obtención de financiamiento; continuidad del proyecto y ejecución de componentes pendientes.,,,,,,
29,,Completar proyecto BCIE 2164 para El Guarco,Construcción de planta potabilizadora en El Guarco con capacidad aproximada de 150 L/s.,Aumento de Recurso Hídrico,MEA27,ME-A-27 El Guarco,,,,,,Elaboración o actualización de diseños; obtención de financiamiento; ejecución de planta.,,,,150.0,,
30,,Completar proyecto BCIE 2164 para El Guarco,"Incorporación de tanques de almacenamiento para mejorar regulación, reserva y continuidad del sistema.",Mejora en Almacenamiento,MEA27,ME-A-27 El Guarco,,,,,,"Elaboración o actualización de diseños; obtención de financiamiento; adquisición de terrenos, si aplica.",,,,,5000.0,
31,,Completar proyecto BCIE 2164 para El Guarco,Mejoramiento de la distribución de caudales dentro del sistema para optimizar operación hidráulica.,Optimización,MEA27,ME-A-27 El Guarco,,,,,,Elaboración o actualización de diseños; obtención de financiamiento; definición del esquema operativo.,,,,,,
32,,Convenio de participación público-privada en Padre Carazo,Incorporación de tanques al sistema y eventual pozo de apoyo mediante esquema de participación público-privada.,Relación con ASADAS y terceros,MEA20,ME-A-20 Padre Carazo,,,,,,"Estudio hidrogeológico; estructuración técnica, legal y financiera del convenio.",,,,,,
33,,Mejorar la eficiencia y resiliencia del sistema Puente Mulas,"Diseño y construcción de infraestructura para reducir la dependencia operativa del Bombeo Puente Mulas y flexibilizar la operación entre Puente Mulas, Potrerillos, Santa Ana y MATRA.",Mejora en trasvase de agua entre sistemas de abastecimiento,MEA19,ME-A-19 Puente Mulas,,,,,,"Obtención de permisos, servidumbres, derechos de paso y autorizaciones; atención de condiciones geotécnicas, topográficas o constructivas no previstas.","Fase: idea de proyecto. Responsable: SAID. Puntaje: 36,55. Horizonte: 2029. Atiende déficit, racionamientos en época seca y componentes con más de 40 años de operación.",,,100.0,,
34,,Incrementar producción mediante nuevo pozo en Jericó,"Estudios, adquisición de terreno, perforación, equipamiento electromecánico, sistema de desinfección y tanque de almacenamiento asociados a un pozo potencial ubicado junto a la planta de tratamiento del sistema.",Aumento de Recurso Hídrico,MEA30,ME-A-30 Jerico,,,,,,"Confirmar capacidad productiva y calidad del agua mediante estudios hidrogeológicos, topográficos, geotécnicos, viabilidad ambiental y pruebas de bombeo; adquisición del terreno.","Fase: idea de proyecto. Responsable: SAID. Puntaje: 36,04. Horizonte: 2028. Podría beneficiar también al sector El Manzano.",,,7.0,,
35,,"Mejorar el acueducto Calle Picacho, Alto Guatuso",,Optimización,MEA11,ME-A-11 Guatuso Patarra,,,,,,,"Fase: idea de proyecto. Responsable: SAID. Puntaje: 36,00.",,,,,
36,,Incrementar producción del sistema El Guarco mediante nuevos pozos,"Perforación, equipamiento electromecánico e instalación de tubería para incorporar dos sitios recomendados por estudio hidrogeológico y aumentar la producción del sistema.",Aumento de Recurso Hídrico,MEA27,ME-A-27 El Guarco,,,,,,"Incertidumbre sobre rendimiento y capacidad de producción de los pozos; condiciones geológicas no previstas; adquisición de terrenos, permisos y equipamiento.","Fase: idea de proyecto. Responsable: SAID. Puntaje: 26,79. Horizonte: 2028. El déficit hídrico remanente indicado es de aproximadamente 88 L/s.",,,25.0,,
37,,Incorporar pozo Rancho Redondo y mejorar interoperabilidad de Vista de Mar,Perforación y equipamiento del pozo Rancho Redondo para inyectar caudal al Tanque Vista de Mar y reforzar los sistemas Los Cuadros y Mata de Plátano.,Aumento de Recurso Hídrico,MEA28,ME-A-28 Vista de Mar,,,,,,"Confirmar rendimiento sostenible y calidad del agua; obtención de permisos, concesiones, viabilidad ambiental, servidumbres y autorizaciones.","Fase: idea de proyecto. Responsable: SAID. Puntaje: 26,72. Horizonte: 2028. Atiende déficit, discontinuidad y racionamientos en época seca.",,,5.0,,
38,,Incorporar pozo Rancho Redondo y mejorar interoperabilidad de Vista de Mar,Perforación y equipamiento del pozo Rancho Redondo para inyectar caudal al Tanque Vista de Mar y reforzar los sistemas Los Cuadros y Mata de Plátano.,Aumento de Recurso Hídrico,MEA08,ME-A-08 Los Cuadros,,,,,,"Confirmar rendimiento sostenible y calidad del agua; obtención de permisos, concesiones, viabilidad ambiental, servidumbres y autorizaciones.","Fase: idea de proyecto. Responsable: SAID. Puntaje: 26,72. Horizonte: 2028. Atiende déficit, discontinuidad y racionamientos en época seca.",,,5.0,,
39,,Incorporar pozo Rancho Redondo y mejorar interoperabilidad de Vista de Mar,Perforación y equipamiento del pozo Rancho Redondo para inyectar caudal al Tanque Vista de Mar y reforzar los sistemas Los Cuadros y Mata de Plátano.,Aumento de Recurso Hídrico,MEA10,ME-A-10 Mata de Plátano,,,,,,"Confirmar rendimiento sostenible y calidad del agua; obtención de permisos, concesiones, viabilidad ambiental, servidumbres y autorizaciones.","Fase: idea de proyecto. Responsable: SAID. Puntaje: 26,72. Horizonte: 2028. Atiende déficit, discontinuidad y racionamientos en época seca.",,,2.0,,
40,,Reducir déficit del sistema Salitral mediante conducción desde Santa Ana,"Construcción de nueva línea de conducción interconectada a la línea de salida de 800 mm de la estación de bombeo de Santa Ana hacia Tanques Chirracal, para ampliar el área abastecida desde Potrerillos y reducir el área servida por Salitral.",Mejora en trasvase de agua entre sistemas de abastecimiento,MEA05,ME-A-05 Salitral,,,,,,"Contratación administrativa; obtención de permisos, servidumbres y derechos de paso; interferencias con infraestructura existente.","Fase: idea de proyecto. Responsable: SAID. Puntaje: 26,20. Se indica déficit por capacidad hídrica de hasta 34 L/s.",,,20.0,,
41,,Perforar y equipar el pozo Las Cruces,"Incorporación de nueva fuente de producción mediante perforación, equipamiento electromecánico, conducción y puesta en operación del Pozo Las Cruces.",Aumento de Recurso Hídrico,MEA15,ME-A-15 San Pablo,,,,,,Validar disponibilidad eléctrica; confirmar calidad del agua; atender condiciones climáticas adversas y requerimientos de acceso al sitio.,"Fase: idea de proyecto. Responsable: SAID. Puntaje: 17,07. Horizonte: 2028. Validar si puede utilizarse el BPIP 2850, actualmente suspendido.",,,40.0,,
42,,Ampliar el acueducto Santiago-Barbacoas de Puriscal mediante nacientes Bajo Guevara,Captación de nacientes Bajo Guevara e incorporación de caudal al sistema de Puriscal para mejorar la relación oferta-demanda.,Aumento de Recurso Hídrico,MEA31,ME-A-31 Puriscal,,,,,,"Permisos ambientales, concesiones, viabilidades técnicas; adquisición de terrenos, servidumbres y derechos de paso.","Fase: idea de proyecto. Responsable: SAID. Puntaje: 16,89. Horizonte: 2027. Aforos indicados: aproximadamente 15 L/s en invierno y 5 L/s en verano. Zona vulnerable a deslizamientos y cambios en calidad de agua.",,,5.0,,
43,,Impulsar caudal desde TA Ciudad Colón hacia San Bosco,"Diseño y construcción de estación de bombeo y línea de impulsión desde el Tanque de Almacenamiento Ciudad Colón hacia San Bosco, para fortalecer continuidad, confiabilidad y flexibilidad operativa.",Mejora en trasvase de agua entre sistemas de abastecimiento,MEA16,ME-A-16 Potrerillos-San Antonio,,,,,,"Elaboración y aprobación de diseños; contratación administrativa; permisos, servidumbres, derechos de paso y autorizaciones.","Fase: idea de proyecto. Responsable: SAID. Puntaje: 11,89. Horizonte: 2028.",,,10.0,,
44,,Remodelar la Planta Potabilizadora Guadalupe,"Diseño y construcción de nuevas unidades de floculación, sedimentación y filtración rápida, aprovechando terreno disponible al norte de la planta existente.",Mejora en procesos de potabilización,MEA02,ME-A-02 Guadalupe,,,,,,Ejecutar obras sin afectar la operación normal de la planta; adecuar infraestructura antigua a requerimientos actuales de calidad de agua.,"Fase: idea de proyecto. Responsable: SAID. Puntaje: 7,83. Horizonte: 2028. Esta necesidad se integraría en la solución planteada en GAM-A-15, GAM-A-14 y GAM-A-10; si se atiende completamente, debería eliminarse como iniciativa separada.",,,,,
45,,Integrar Calle La Mina al sistema Santa Ana,"Construcción y mejora de obras hidráulicas para integrar la infraestructura de Calle La Mina con el sistema Santa Ana, fortaleciendo continuidad, confiabilidad y flexibilidad operativa.",Mejora en trasvase de agua entre sistemas de abastecimiento,MEA16,ME-A-16 Potrerillos-San Antonio,,,,,,Riesgos durante interconexiones; posibles suspensiones temporales del servicio; estabilización hidráulica y operativa posterior a la integración.,"Fase: idea de proyecto. Responsable: SAID. Puntaje: 2,06. Referencia: oficio SG-GSGAM-2023-01104.",,,5.0,,
46,,Construir áreas operativas del Plantel Puente Negro en Orosí,"Diseño y construcción de áreas operativas, administrativas, de almacenamiento y mantenimiento para fortalecer la gestión institucional y la atención del servicio en la zona.",Optimización,MEA01,ME-A-01 Tres Rios,,,,,,Suministro de materiales y equipos; disponibilidad de servicios básicos; ajustes de alcance; riesgos de seguridad ocupacional durante construcción.,"Fase: idea de proyecto. Responsable: SAID. Puntaje: 1,00. Horizonte: 2028. No corresponde directamente a un sistema de abastecimiento específico.",,,,,
47,,Mejorar el sistema de acueducto de Mora y Puriscal,"Ejecución de obras de infraestructura y optimización para incrementar disponibilidad hídrica, continuidad, confiabilidad y capacidad de atención de demanda actual y futura.",Aumento de Recurso Hídrico,MEA12,ME-A-12 Quitirrisi (Ciudad Colon),,,,,,"Disponibilidad y sostenibilidad de fuentes; suministro de materiales y equipos; afectaciones temporales durante interconexiones, mejoras o sustitución de componentes.","Fase: idea de proyecto. Responsable: SAID. Puntaje: 0,00. Horizonte: 2029.",,,5.0,,
48,,Mejorar el sistema de acueducto de Mora y Puriscal,"Ejecución de obras de infraestructura y optimización para incrementar disponibilidad hídrica, continuidad, confiabilidad y capacidad de atención de demanda actual y futura.",Aumento de Recurso Hídrico,MEA31,ME-A-31 Puriscal,,,,,,"Disponibilidad y sostenibilidad de fuentes; suministro de materiales y equipos; afectaciones temporales durante interconexiones, mejoras o sustitución de componentes.","Fase: idea de proyecto. Responsable: SAID. Puntaje: 0,00. Horizonte: 2029.",,,15.0,,
49,,Mejorar el sistema Lajas mediante estaciones de bombeo y nuevo tanque,"Construcción de estación de bombeo en tanque Naranjal para impulsar caudal hacia tanque Lajas; construcción de segunda estación de bombeo en Lajas, impulsión hacia sector alto, compra de terreno para nuevo tanque y servidumbre para tubería de impulsión.",Mejora en Almacenamiento,MEA19,ME-A-19 Puente Mulas,,,,,,"Contratación administrativa; permisos, servidumbres, derechos de paso, viabilidades ambientales y autorizaciones.","Fase: idea de proyecto. Responsable: SAID. Horizonte: 2028. Verificar código de sistema, porque en otros insumos Lajas aparece como MEA-29.",,,,500.0,
50,,Implementar tratamiento de aguas residuales en plantas potabilizadoras,"Diseño y construcción de infraestructura para tratamiento de aguas residuales generadas en procesos de potabilización, conforme a normativa de vertido y reúso.",Mejora en procesos de potabilización,Todos los sistemas AyA,Todos los sistemas AyA,,,,,,"Permisos ambientales, viabilidades técnicas y autorizaciones; limitaciones físicas, estructurales o de espacio en plantas existentes.",Fase: idea de proyecto. Responsable: SAID. Horizonte: 2028. Aplicación institucional amplia.,,,,,
51,,Fortalecer el sector oeste del Acueducto Metropolitano,"Programa integral de intervenciones escalonadas para mejorar disponibilidad hídrica, transporte hidráulico, almacenamiento, operación e interconexión con sistemas colindantes de Puriscal y Mora.",Optimización,MEA31,ME-A-31 Puriscal,,,,,,Integración hidráulica con infraestructura existente; disponibilidad de fuentes; afectaciones temporales durante interconexiones o sustitución de infraestructura; ajustes operativos en puesta en marcha.,Fase: idea de proyecto. Responsable: SAID. Horizonte: 2029. Corresponde a un programa de fortalecimiento del sector oeste del Acueducto Metropolitano.,,,,,
52,,Fortalecer el sector oeste del Acueducto Metropolitano,"Programa integral de intervenciones escalonadas para mejorar disponibilidad hídrica, transporte hidráulico, almacenamiento, operación e interconexión con sistemas colindantes de Puriscal y Mora.",Optimización,MEA24,ME-A-24 Matinilla,,,,,,Integración hidráulica con infraestructura existente; disponibilidad de fuentes; afectaciones temporales durante interconexiones o sustitución de infraestructura; ajustes operativos en puesta en marcha.,Fase: idea de proyecto. Responsable: SAID. Horizonte: 2029. Corresponde a un programa de fortalecimiento del sector oeste del Acueducto Metropolitano.,,,,,
53,,Fortalecer el sector oeste del Acueducto Metropolitano,"Programa integral de intervenciones escalonadas para mejorar disponibilidad hídrica, transporte hidráulico, almacenamiento, operación e interconexión con sistemas colindantes de Puriscal y Mora.",Optimización,MEA16,ME-A-16 Potrerillos-San Antonio,,,,,,Integración hidráulica con infraestructura existente; disponibilidad de fuentes; afectaciones temporales durante interconexiones o sustitución de infraestructura; ajustes operativos en puesta en marcha.,Fase: idea de proyecto. Responsable: SAID. Horizonte: 2029. Corresponde a un programa de fortalecimiento del sector oeste del Acueducto Metropolitano.,,,,,
54,,Fortalecer el sector oeste del Acueducto Metropolitano,"Programa integral de intervenciones escalonadas para mejorar disponibilidad hídrica, transporte hidráulico, almacenamiento, operación e interconexión con sistemas colindantes de Puriscal y Mora.",Optimización,MEA26,ME-A-26 Ticufres-Quebrada Honda,,,,,,Integración hidráulica con infraestructura existente; disponibilidad de fuentes; afectaciones temporales durante interconexiones o sustitución de infraestructura; ajustes operativos en puesta en marcha.,Fase: idea de proyecto. Responsable: SAID. Horizonte: 2029. Corresponde a un programa de fortalecimiento del sector oeste del Acueducto Metropolitano.,,,,,
55,,Estabilizar terreno en Planta Potabilizadora Tres Ríos,"Obras de estabilización en la margen derecha del río Tiribí para reducir el riesgo de afectación al consultorio médico, camino interno de acceso y estación de desinfección.",Mantenimiento Correctivo y Preventivo,MEA01,ME-A-01 Tres Rios,,,,,,Riesgo de deslizamiento y afectación de infraestructura operativa interna.,"Impacto principal: continuidad. Apoyo: UEN Programación y Control, oficio UEN-PyDPP-GAM-2016-000459. Licitaciones relacionadas: 2024LY-000029-0021400001 y 2023LY-000013-0021400001 estabilización. Ruta propuesta: estabilización. No requiere solicitud de necesidad de proyecto. Ejecución: LC, requiere 1 Ejecutivo Avanzado y 2 GE.",,,,,
56,,Revisar hidráulicamente el túnel Carpiente,"Revisión del ingreso de agua al tubo proveniente de la carpintera, por posible incremento de oxígeno disuelto que genera levantamiento de floc.",Mejora en procesos de potabilización,MEA01,ME-A-01 Tres Rios,,,,,,Determinar causa hidráulica del levantamiento de floc y proponer corrección de diseño.,Impacto principal: calidad. Apoyo requerido: PyC para diseño o revisión hidráulica. Ruta propuesta: diseño / PyC. No requiere solicitud de necesidad de proyecto. Ejecución: Diseño PyC / LC.,,,,,
57,,Construir zona de almacenamiento y dosificación para carbón activado y alcalinizante,"Construcción de infraestructura para almacenamiento y dosificación de carbón activado en polvo y alcalinizante, con el fin de mitigar baja alcalinidad y elevado color del agua cruda proveniente del embalse Orosí.",Mejora en procesos de potabilización,MEA01,ME-A-01 Tres Rios,,,,,,"Mejorar coagulación, floculación y remoción de color sin reducir caudal por aumento de tiempos hidráulicos.","Impacto principal: calidad y cantidad. Apoyo: SAID. Ruta propuesta: proyecto de inversión. Sí requiere solicitud de necesidad de proyecto. Ejecución: Proyecto 1, Mejoras a Plantas Potabilizadoras GAM.",,,,,
58,,Construir nueva cámara de ingreso en Tres Ríos,"Construcción de una cámara que unifique y mezcle los ingresos de agua cruda de las secciones Orosí y Tiribí, para distribuir agua con condiciones homogéneas a cada sección.",Mejora en procesos de potabilización,MEA01,ME-A-01 Tres Rios,,,,,,Mezclar caudales con características fisicoquímicas diferentes e incorporar zona de almacenamiento y dosificación de insumos químicos.,"Impacto principal: calidad, cantidad y continuidad. Apoyo: SAID. Ruta propuesta: proyecto de inversión. Sí requiere solicitud de necesidad de proyecto. Ejecución: Proyecto 1, Mejoras a Plantas Potabilizadoras GAM.",,,,,
59,,Remodelar y optimizar floculadores y sedimentadores de la sección Orosí,"Conversión de unidades de floculación y sedimentación en unidades independientes, rediseño de floculadores y conversión a sedimentación de alta tasa con tolvas de lodos.",Mejora en procesos de potabilización,MEA01,ME-A-01 Tres Rios,,,,,,"Evitar vaciados completos mensuales de unidades, reducir desperdicio de agua y mejorar manejo de lodos sedimentados.","Impacto principal: calidad y cantidad. Se indica desperdicio aproximado de 5.000 m³ por unidad y 15.000 m³ mensuales. Apoyo: SAID. Ruta propuesta: proyecto de inversión. Sí requiere solicitud de necesidad de proyecto. Ejecución: Proyecto 1, Mejoras a Plantas Potabilizadoras GAM.",,,,,
60,,Implementar filtración secundaria en Tres Ríos,Construcción de etapa adicional de filtración rápida en lechos de carbón activado para atender eventos de color elevado en agua cruda de Orosí.,Mejora en procesos de potabilización,MEA01,ME-A-01 Tres Rios,,,,,,"Reducir frecuencia de retrolavados, evitar regulación de caudal y mantener producción más constante.","Impacto principal: calidad. Apoyo: SAID. Ruta propuesta: proyecto de inversión. Sí requiere solicitud de necesidad de proyecto. Ejecución: Proyecto 1, Mejoras a Plantas Potabilizadoras GAM.",,,,,
61,,Implementar tratamiento de aguas residuales en Tres Ríos,"Construcción de sistema de tratamiento de aguas residuales y disposición de lodos generados en potabilización, incluyendo recirculación de agua.",Mejora en procesos de potabilización,MEA01,ME-A-01 Tres Rios,,,,,,"Cumplir mandato normativo y gestionar adecuadamente aguas de lavado, lodos y recirculación.","Impacto principal: cantidad y normativo. Apoyo: UEN Programación y Control, oficio UEN-PyDPP-GAM-2016-000459. Ruta propuesta: proyecto de inversión. Sí requiere solicitud de necesidad de proyecto. Ejecución: Proyecto 1, Mejoras a Plantas Potabilizadoras GAM.",,,,,
62,,Modificar canal de ingreso en Los Sitios,Modificación del canal de ingreso para alimentar adecuadamente las secciones de tratamiento.,Mejora en procesos de potabilización,MEA04,ME-A-04 Los Sitios,,,,,,,"Ruta propuesta: convenio marco. No requiere solicitud de necesidad de proyecto. Valorar ejecución mediante convenio marco 2024LY-000029-0021400001, según alcance aplicable. Ejecución: PyC diseño y términos de referencia / Mantenimiento Civil.",,,,,
63,,Construir nuevo vertedero de salida de filtros en Los Sitios,Construcción de nuevo vertedero para desahogar el nivel de filtros.,Mejora en procesos de potabilización,MEA04,ME-A-04 Los Sitios,,,,,,Mejorar control hidráulico en salida de filtros.,"Ruta propuesta: convenio marco. No requiere solicitud de necesidad de proyecto. Valorar ejecución mediante convenio marco 2024LY-000029-0021400001, según alcance aplicable. Ejecución: PyC diseño y términos de referencia / Mantenimiento Civil.",,,,,
64,,Dividir filtros en Los Sitios,División de filtros existentes para mejorar la operación hidráulica y el mantenimiento de las unidades.,Mejora en procesos de potabilización,MEA04,ME-A-04 Los Sitios,,,,,,,"Ruta propuesta: convenio marco. No requiere solicitud de necesidad de proyecto. Valorar ejecución mediante convenio marco 2024LY-000029-0021400001, según alcance aplicable. Ejecución: PyC diseño y términos de referencia / Mantenimiento Civil.",,,,,
65,,Instalar pantalla en sección vieja de Los Sitios,Colocación de pantalla en la sección vieja de la planta para mejorar el comportamiento hidráulico de la unidad.,Mejora en procesos de potabilización,MEA04,ME-A-04 Los Sitios,,,,,,,"Ruta propuesta: convenio marco. No requiere solicitud de necesidad de proyecto. Valorar ejecución mediante convenio marco 2024LY-000029-0021400001, según alcance aplicable. Ejecución: PyC diseño y términos de referencia / Mantenimiento Civil.",,,,,
66,,Implementar tratamiento de aguas residuales en Los Sitios,"Construcción de sistema de tratamiento de aguas residuales y disposición de lodos generados en potabilización, incluyendo recirculación de agua.",Mejora en procesos de potabilización,MEA04,ME-A-04 Los Sitios,,,,,,Cumplir mandato normativo y atender orden sanitaria.,"Impacto principal: cantidad y normativo. Apoyo: UEN Programación y Control, oficio UEN-PyDPP-GAM-2016-000459. Incluido en nueva licitación a realizar por SAID. Ruta propuesta: proyecto de inversión. Sí requiere solicitud de necesidad de proyecto. Ejecución: Proyecto 1, Mejoras a Plantas Potabilizadoras GAM.",,,,,
67,,Construir canal de aguas de lavado y rebalse en Los Sitios,"Construcción de canal para conducir aguas de lavado sanitario y aguas crudas hacia cuerpo receptor, evitando afectación a propiedades privadas.",Mejora en procesos de potabilización,MEA04,ME-A-04 Los Sitios,,,,,,Evitar daños en propiedades privadas por manejo inadecuado de aguas de lavado y rebalse.,"Impacto principal: continuidad. Apoyo: UEN Programación y Control, oficio UEN-PyDPP-GAM-2016-000459. Ruta propuesta: convenio marco. No requiere solicitud de necesidad de proyecto. Valorar ejecución mediante convenio marco 2024LY-000029-0021400001. Ejecución: PyC diseño y términos de referencia / Mantenimiento Civil.",,,,,
68,,Optimizar lavado sanitario del desarenador en Los Sitios,Construcción de tolvas de lodos y adecuación de desnivel de fondo para acortar el tiempo requerido en el lavado sanitario del desarenador.,Mantenimiento Correctivo y Preventivo,MEA04,ME-A-04 Los Sitios,,,,,,Reducir tiempos de lavado sanitario y mejorar evacuación de lodos.,Impacto principal: continuidad. Licitación vigente: 2024LY-000029-0021400001. Ruta propuesta: convenio marco. No requiere solicitud de necesidad de proyecto. Ejecución: PyC diseño y términos de referencia / Mantenimiento Civil.,,,,,
69,,Implementar estación de bombeo de agua cruda en Los Cuadros,"Construcción de estación de bombeo de agua cruda para permitir reubicación de la aducción por vía pública; mejora de captación, nuevo desarenador o presedimentador y medición en línea para eventos de contaminación.",Mejora en procesos de potabilización,MEA08,ME-A-08 Los Cuadros,,,,,,Reducir vulnerabilidad de la tubería de aducción y mejorar control de calidad del agua cruda.,Impacto principal: continuidad. Ruta propuesta: proyecto de inversión. No requiere solicitud de necesidad de proyecto según insumo. Requiere apoyo de PyC para diseño. Valorar ejecución mediante convenio marco según alcance aplicable. Ejecución: PyC diseño y términos de referencia / Mantenimiento Civil.,,,,,
70,,"Construir floculador, sedimentador y dos filtros adicionales en Los Cuadros","Construcción de un nuevo módulo de floculación, sedimentación y dos filtros adicionales para aumentar capacidad de tratamiento en invierno.",Mejora en procesos de potabilización,MEA08,ME-A-08 Los Cuadros,,,,,,Aumentar capacidad de tratamiento aprovechando disponibilidad de espacio.,"Impacto principal: cantidad. Ruta propuesta: proyecto de inversión. Sí requiere solicitud de necesidad de proyecto. Completar solicitud y remitir a Planificación. Ejecución: Proyecto 1, Mejoras a Plantas Potabilizadoras GAM.",,,,,
71,,Implementar tratamiento de aguas residuales en Los Cuadros,"Construcción de sistema de tratamiento de aguas residuales y disposición de lodos generados en potabilización, incluyendo recirculación de agua.",Mejora en procesos de potabilización,MEA08,ME-A-08 Los Cuadros,,,,,,Cumplir mandato normativo y gestionar adecuadamente aguas de lavado y lodos.,"Impacto principal: cantidad y normativo. Apoyo: UEN Programación y Control, oficio UEN-PyDPP-GAM-2016-000459. Ruta propuesta: proyecto de inversión. Sí requiere solicitud de necesidad de proyecto. Ejecución: Proyecto 1, Mejoras a Plantas Potabilizadoras GAM.",,,,,
72,,Implementar estación de bombeo de agua cruda en San Juan de Dios,Modificación del desarenador e implementación de estación de bombeo de agua cruda para reubicar la tubería de aducción por vía pública.,Mejora en procesos de potabilización,MEA06,ME-A-06 San Juan de Dios,,,,,,"Atender vulnerabilidades, limitaciones hidráulicas y falta de servidumbres en la aducción existente.",Impacto principal: cantidad y continuidad. Ruta propuesta: convenio marco. No requiere solicitud de necesidad de proyecto. Requiere apoyo de PyC para diseño. Valorar ejecución mediante convenio marco según alcance aplicable. Ejecución: PyC diseño y términos de referencia / Mantenimiento Civil.,,,,,
73,,Optimizar unidades de floculación y sedimentación en San Juan de Dios,"Reconstrucción de unidades de floculación para optimizar gradientes de velocidad, eliminar cortocircuitos hidráulicos y construir tolvas que faciliten lavado sanitario en sedimentación.",Mejora en procesos de potabilización,MEA06,ME-A-06 San Juan de Dios,,,,,,Mejorar eficiencia hidráulica y sanitaria de unidades existentes.,Impacto principal: continuidad. Licitación vigente: 2024LY-000029-0021400001. Ruta propuesta: convenio marco. No requiere solicitud de necesidad de proyecto. Ejecución: PyC diseño y términos de referencia / Mantenimiento Civil.,,,,,
74,,Implementar tratamiento de aguas residuales en San Juan de Dios,"Construcción de sistema de tratamiento de aguas residuales y disposición de lodos generados en potabilización, incluyendo recirculación de agua.",Mejora en procesos de potabilización,MEA06,ME-A-06 San Juan de Dios,,,,,,Cumplir mandato normativo y gestionar adecuadamente aguas de lavado y lodos.,"Impacto principal: cantidad y normativo. Apoyo: UEN Programación y Control, oficio UEN-PyDPP-GAM-2016-000459. Ruta propuesta: proyecto de inversión. Sí requiere solicitud de necesidad de proyecto. Ejecución: Proyecto 1, Mejoras a Plantas Potabilizadoras GAM.",,,,,
75,,Construir cámara de ingreso para agua cruda en Salitral,Construcción de cámara de ingreso que permita disipación de energía hidráulica y repartición de caudales para optimizar la dosificación química.,Mejora en procesos de potabilización,MEA05,ME-A-05 Salitral,,,,,,Mejorar reparto de caudales y eficiencia en la dosificación de insumos químicos.,Impacto principal: calidad. Ruta propuesta: convenio marco. No requiere solicitud de necesidad de proyecto. Valorar ejecución mediante convenio marco 2024LY-000029-0021400001. Ejecución: PyC diseño y términos de referencia / Mantenimiento Civil.,,,,,
76,,Implementar tratamiento de aguas residuales en Salitral,"Construcción de sistema de tratamiento de aguas residuales y disposición de lodos generados en potabilización, incluyendo recirculación de agua.",Mejora en procesos de potabilización,MEA05,ME-A-05 Salitral,,,,,,Cumplir mandato normativo y gestionar adecuadamente aguas de lavado y lodos.,"Impacto principal: cantidad y normativo. Apoyo: UEN Programación y Control, oficio UEN-PyDPP-GAM-2016-000459. Ruta propuesta: proyecto de inversión. Sí requiere solicitud de necesidad de proyecto. Ejecución: Proyecto 1, Mejoras a Plantas Potabilizadoras GAM.",,,,,
77,,Instalar tramo faltante de tubería a la salida del desarenador en Salitral,Completar instalación de tramo de tubería de aducción faltante a la salida del desarenador.,Mejora en procesos de potabilización,MEA05,ME-A-05 Salitral,,,,,,Completar infraestructura hidráulica pendiente en la salida del desarenador.,Impacto principal: cantidad. Licitación vigente: 2024LY-000029-0021400001. Ruta propuesta: convenio marco. No requiere solicitud de necesidad de proyecto. Ejecución: PyC diseño y términos de referencia / Zona / LC.,,,,,
78,,Sustituir tubería de aducción de Captación Londres en Escazú,"Sustitución de tubería PVC de aducción entre Captación Londres y desarenador por tubería de polietileno, incluyendo obras de mitigación.",Sustitución de tuberías,MEA07,ME-A-07 San Antonio de Escazu,,,,,,Reducir riesgo de ruptura por deslizamientos y caída de objetos.,Impacto principal: continuidad. Licitación vigente: 2024LY-000029-0021400001. Ruta propuesta: convenio marco. No requiere solicitud de necesidad de proyecto. Ejecución: PyC diseño y términos de referencia / Zona / LC.,,,,,5.0
79,,Construir cámara de contacto unificada en Escazú,Construcción de una nueva cámara de contacto que unifique caudales de dos baterías de filtros para mejorar la desinfección.,Mejora en procesos de potabilización,MEA07,ME-A-07 San Antonio de Escazu,,,,,,Corregir variaciones en eficiencia de desinfección generadas por dos vertederos de salida.,Impacto principal: calidad. Licitación vigente: 2024LY-000029-0021400001. Ruta propuesta: convenio marco. No requiere solicitud de necesidad de proyecto. Ejecución: PyC diseño y términos de referencia / Mantenimiento Civil.,,,,,
80,,Implementar tratamiento de aguas residuales en Escazú,"Construcción de sistema de tratamiento de aguas residuales y disposición de lodos generados en potabilización, incluyendo recirculación de agua.",Mejora en procesos de potabilización,MEA07,ME-A-07 San Antonio de Escazu,,,,,,Cumplir mandato normativo y gestionar adecuadamente aguas de lavado y lodos.,"Impacto principal: cantidad y normativo. Apoyo: UEN Programación y Control, oficio UEN-PyDPP-GAM-2016-000459. Ruta propuesta: proyecto de inversión. Sí requiere solicitud de necesidad de proyecto. Ejecución: Proyecto 1, Mejoras a Plantas Potabilizadoras GAM.",,,,,
81,,Sustituir tubería de aducción en Coronado,"Sustitución de tubería PVC de aducción desde la captación hacia la planta por tubería de polietileno, incluyendo obras de mitigación.",Sustitución de tuberías,MEA14,ME-A-14 San Rafael de Coronado,,,,,,Reducir riesgo de ruptura por deslizamientos y caída de objetos.,Impacto principal: continuidad. Licitación vigente: 2024LY-000029-0021400001. Ruta propuesta: convenio marco. No requiere solicitud de necesidad de proyecto. Ejecución: PyC diseño y términos de referencia / Zona / LC.,,,,,5.0
82,,Optimizar hidráulicamente unidades de tratamiento en Coronado,"Sustitución de tubería entre desarenador y floculadores, ampliación del canal hacia sedimentadores y reubicación de tubos recolectores de agua decantada.",Mejora en procesos de potabilización,MEA14,ME-A-14 San Rafael de Coronado,,,,,,Aumentar capacidad de tratamiento y mejorar funcionamiento de infraestructura existente.,Impacto principal: cantidad. Licitación vigente: 2024LY-000029-0021400001. Ruta propuesta: convenio marco. No requiere solicitud de necesidad de proyecto. Ejecución: PyC diseño y términos de referencia / Mantenimiento Civil.,,,,,
83,,Construir obras de estabilización en Coronado,Obras de estabilización en terreno colindante con quebrada para mitigar riesgo de afectación de la estructura de potabilización.,Mantenimiento Correctivo y Preventivo,MEA14,ME-A-14 San Rafael de Coronado,,,,,,Riesgo de pequeños deslizamientos por cercanía a quebrada.,"Impacto principal: continuidad. Licitaciones relacionadas: 2024LY-000029-0021400001 y 2023LY-000013-0021400001 estabilización. Ruta propuesta: estabilización. No requiere solicitud de necesidad de proyecto. Ejecución: LC, requiere 1 Ejecutivo Avanzado y 2 GE.",,,,,
84,,Reubicar captación La Valera en Coronado,Reubicación aguas arriba de la captación La Valera hacia un sitio con menor riesgo de contaminación y vulnerabilidad.,Mejora en procesos de potabilización,MEA14,ME-A-14 San Rafael de Coronado,,,,,,Atender contaminación de origen antropogénico y reducir vulnerabilidad de la captación existente.,"Impacto principal: continuidad. Apoyo: UEN Programación y Control, oficio UEN-PyDPP-GAM-2016-000459. Licitación vigente: 2024LY-000029-0021400001. Ruta propuesta: convenio marco. No requiere solicitud de necesidad de proyecto. Ejecución: PyC diseño y términos de referencia / Mantenimiento Civil.",,,,,
85,,Implementar tratamiento de aguas residuales en Coronado,"Construcción de sistema de tratamiento de aguas residuales y disposición de lodos generados en potabilización, incluyendo recirculación de agua.",Mejora en procesos de potabilización,MEA14,ME-A-14 San Rafael de Coronado,,,,,,Cumplir mandato normativo y gestionar adecuadamente aguas de lavado y lodos.,"Impacto principal: normativo. Apoyo: UEN Programación y Control, oficio UEN-PyDPP-GAM-2016-000459. Ruta propuesta: proyecto de inversión. Sí requiere solicitud de necesidad de proyecto. Ejecución: Proyecto 1, Mejoras a Plantas Potabilizadoras GAM.",,,,,
86,,Reubicar tuberías de aducción en San Jerónimo,Optimización y reubicación por vía pública de tuberías de aducción vulnerables y con servidumbres de paso.,Sustitución de tuberías,MEA13,ME-A-13 San Jeronimo de Moravia,,,,,,Reducir vulnerabilidad de la aducción y resolver limitaciones asociadas a servidumbres.,"Impacto principal: continuidad. Apoyo: UEN Programación y Control, oficio UEN-PyDPP-GAM-2016-000459. Licitación vigente: 2024LY-000029-0021400001. Ruta propuesta: convenio marco. No requiere solicitud de necesidad de proyecto. Ejecución: PyC diseño y términos de referencia / Zona / LC.",,,,,5.0
87,,Construir desarenador en San Jerónimo,Construcción de estructura de desarenación cercana a las captaciones Cascajal y La Palma.,Mejora en procesos de potabilización,MEA13,ME-A-13 San Jeronimo de Moravia,,,,,,Incorporar infraestructura de desarenación donde actualmente no existe.,"Impacto principal: calidad y continuidad. Apoyo: UEN Programación y Control, oficio UEN-PyDPP-GAM-2016-000459. Ruta propuesta: convenio marco. No requiere solicitud de necesidad de proyecto. Requiere apoyo de PyC para diseño. Ejecución: PyC diseño y términos de referencia / Mantenimiento Civil.",,,,,
88,,Implementar tratamiento de aguas residuales en San Jerónimo,"Construcción de sistema de tratamiento de aguas residuales y disposición de lodos generados en potabilización, incluyendo recirculación de agua.",Mejora en procesos de potabilización,MEA13,ME-A-13 San Jeronimo de Moravia,,,,,,Cumplir mandato normativo y gestionar adecuadamente aguas de lavado y lodos.,"Impacto principal: normativo. Apoyo: UEN Programación y Control, oficio UEN-PyDPP-GAM-2016-000459. Ruta propuesta: proyecto de inversión. Sí requiere solicitud de necesidad de proyecto. Ejecución: Proyecto 1, Mejoras a Plantas Potabilizadoras GAM.",,,,,
89,,Construir obras de estabilización en Quitirrisí,Obras de estabilización en terreno colindante con quebrada para mitigar riesgo de afectación de la estructura de potabilización.,Mantenimiento Correctivo y Preventivo,MEA12,ME-A-12 Quitirrisi (Ciudad Colon),,,,,,Riesgo de pequeños deslizamientos por cercanía a quebrada.,"Impacto principal: continuidad. Licitaciones relacionadas: 2024LY-000029-0021400001 y 2023LY-000013-0021400001 estabilización. Ruta propuesta: estabilización. No requiere solicitud de necesidad de proyecto. Ejecución: LC, requiere 1 Ejecutivo Avanzado y 2 GE.",,,,,
90,,Construir tanque de almacenamiento en Quitirrisí,"Construcción de tanque para regulación, tiempo de contacto de desinfección y apoyo a la operación del Booster San Antonio y retrolavado de filtros.",Mejora en Almacenamiento,MEA12,ME-A-12 Quitirrisi (Ciudad Colon),,,,,,Incorporar volumen de regulación y mejorar condiciones de operación y desinfección.,"Impacto principal: cantidad. Ruta propuesta: proyecto de inversión. Sí requiere solicitud de necesidad de proyecto. Ejecución: Proyecto 2, Tanques de Almacenamiento GAM.",,,,1500.0,
91,,Implementar tratamiento de aguas residuales en Quitirrisí,"Construcción de sistema de tratamiento de aguas residuales y disposición de lodos generados en potabilización, incluyendo recirculación de agua.",Mejora en procesos de potabilización,MEA12,ME-A-12 Quitirrisi (Ciudad Colon),,,,,,Cumplir mandato normativo y gestionar adecuadamente aguas de lavado y lodos.,"Impacto principal: normativo. Apoyo: UEN Programación y Control, oficio UEN-PyDPP-GAM-2016-000459. Ruta propuesta: proyecto de inversión. Sí requiere solicitud de necesidad de proyecto. Ejecución: Proyecto 1, Mejoras a Plantas Potabilizadoras GAM.",,,,,
92,,Proteger captación Río Tabarcia y desarenador Río Negro en Quitirrisí,Obras de protección para reducir afectaciones causadas por crecidas de los ríos Tabarcia y Negro sobre captación y desarenador.,Mantenimiento Correctivo y Preventivo,MEA12,ME-A-12 Quitirrisi (Ciudad Colon),,,,,,Riesgo estructural por crecidas y afectación de infraestructura de captación y desarenación.,"Impacto principal: continuidad. Licitación vigente: 2024LY-000029-0021400001. Ruta propuesta: estabilización. No requiere solicitud de necesidad de proyecto. Valorar ejecución mediante contratación de estabilización 2023LY-000013-0021400001. Ejecución: LC, requiere 1 Ejecutivo Avanzado y 2 GE.",,,,,
93,,Construir presedimentador en río Tabarcia,Construcción de presedimentador contiguo al desarenador del río Tabarcia para disminuir turbiedad temporal en agua cruda.,Mejora en procesos de potabilización,MEA12,ME-A-12 Quitirrisi (Ciudad Colon),,,,,,Reducir regulación o suspensión operativa por eventos de alta turbiedad.,Ruta propuesta: convenio marco. No requiere solicitud de necesidad de proyecto. Requiere apoyo de PyC para diseño. Valorar ejecución mediante convenio marco según alcance aplicable. Ejecución: PyC diseño y términos de referencia / Mantenimiento Civil.,,,,,
94,,Construir nueva captación y desarenador-presedimentador en Alajuelita,"Reconstrucción de captación y desarenador, incorporando etapa de presedimentación para mejorar tratamiento de turbiedad temporal.",Mejora en procesos de potabilización,MEA09,ME-A-09 Alajuelita,,,,,,Disminuir turbiedad temporal en agua cruda y aumentar continuidad operativa de la planta.,Impacto principal: continuidad. Licitación vigente: 2024LY-000029-0021400001. Ruta propuesta: convenio marco. No requiere solicitud de necesidad de proyecto. Requiere apoyo de PyC para diseño. Ejecución: PyC diseño y términos de referencia / Mantenimiento Civil.,,,,,
95,,Construir cuarto módulo de tratamiento en Alajuelita,Construcción del cuarto módulo de floculación y sedimentación previsto en el diseño original de la planta.,Mejora en procesos de potabilización,MEA09,ME-A-09 Alajuelita,,,,,,Completar capacidad prevista en diseño original y mejorar condiciones operativas del tratamiento.,"Impacto principal: calidad, cantidad y continuidad. Licitación vigente: 2024LY-000029-0021400001 / Proyecto de inversión. Ruta propuesta: convenio marco. No requiere solicitud de necesidad de proyecto. Ejecución: PyC diseño y términos de referencia / Mantenimiento Civil.",,,,,
96,,Implementar tratamiento de aguas residuales en Alajuelita,"Construcción de sistema de tratamiento de aguas residuales y disposición de lodos generados en potabilización, incluyendo recirculación de agua.",Mejora en procesos de potabilización,MEA09,ME-A-09 Alajuelita,,,,,,Cumplir mandato normativo y gestionar adecuadamente aguas de lavado y lodos.,"Impacto principal: normativo. Apoyo: UEN Programación y Control, oficio UEN-PyDPP-GAM-2016-000459. Ruta propuesta: proyecto de inversión. Sí requiere solicitud de necesidad de proyecto. Ejecución: Proyecto 1, Mejoras a Plantas Potabilizadoras GAM.",,,,,
97,,Construir desarenador en El Llano,Construcción de desarenador con etapa de presedimentación para eliminar arenas y reducir turbiedad temporal del agua cruda.,Mejora en procesos de potabilización,MEA03,ME-A-03 El Llano,,,,,,Aumentar tiempo de operación de la planta de filtración lenta mediante reducción de turbiedad temporal.,Impacto principal: continuidad. Ruta propuesta: convenio marco. No requiere solicitud de necesidad de proyecto. Requiere apoyo de PyC para diseño. Ejecución: PyC diseño y términos de referencia / Mantenimiento Civil.,,,,,
98,,Convertir El Llano a planta rápida,"Adecuación de instalaciones actuales e implementación de dos módulos de floculación y sedimentación similares a Planta Alajuelita, en caso de no poder garantizar suministro permanente desde Tanque El Llano.",Mejora en procesos de potabilización,MEA03,ME-A-03 El Llano,,,,,,Definir viabilidad de conversión a filtración rápida y disponibilidad permanente de caudal alterno.,"Ruta propuesta: proyecto de inversión. Sí requiere solicitud de necesidad de proyecto. Agrupar iniciativas afines y remitir a Planificación. Ejecución: Proyecto 1, Mejoras a Plantas Potabilizadoras GAM.",,,,,
99,,Sustituir conducción de nacientes Mongue en Guatuso,"Reemplazo de tubería PVC de conducción de nacientes Mongue por tubería de polietileno, incluyendo obras de mitigación.",Sustitución de tuberías,MEA11,ME-A-11 Guatuso Patarra,,,,,,Reducir vulnerabilidad de conducción existente en PVC.,Impacto principal: continuidad. Licitación vigente: 2024LY-000029-0021400001. Ruta propuesta: convenio marco. No requiere solicitud de necesidad de proyecto. Requiere apoyo de PyC para diseño. Ejecución: PyC diseño y términos de referencia / Zona / LC.,,,,,5.0
100,,Optimizar captación La Mina en Guatuso,Reconstrucción de captación La Mina y sustitución de tubería de aducción hacia la planta.,Mejora en procesos de potabilización,MEA11,ME-A-11 Guatuso Patarra,,,,,,Mejorar condición de captación y conducción hacia la planta.,Impacto principal: continuidad. Licitación vigente: 2024LY-000029-0021400001. Ruta propuesta: convenio marco. No requiere solicitud de necesidad de proyecto. Requiere apoyo de PyC para diseño. Ejecución: PyC diseño y términos de referencia / Mantenimiento Civil.,,,,,
101,,Implementar tratamiento de aguas residuales en Guatuso,"Construcción de sistema de tratamiento de aguas residuales y disposición de lodos generados en potabilización, incluyendo recirculación de agua.",Mejora en procesos de potabilización,MEA11,ME-A-11 Guatuso Patarra,,,,,,Cumplir mandato normativo y gestionar adecuadamente aguas de lavado y lodos.,"Impacto principal: normativo. Apoyo: UEN Programación y Control, oficio UEN-PyDPP-GAM-2016-000459. Ruta propuesta: proyecto de inversión. Sí requiere solicitud de necesidad de proyecto. Ejecución: Proyecto 1, Mejoras a Plantas Potabilizadoras GAM.",,,,,
102,,Optimizar captación en Mata de Plátano,Reconstrucción de captación y sustitución de tubería de aducción hacia la planta.,Mejora en procesos de potabilización,MEA10,ME-A-10 Mata de Plátano,,,,,,Mejorar infraestructura de captación y conducción hacia la planta.,Impacto principal: cantidad y continuidad. Licitación vigente: 2024LY-000029-0021400001. Ruta propuesta: convenio marco. No requiere solicitud de necesidad de proyecto. Requiere apoyo de PyC para diseño. Ejecución: PyC diseño y términos de referencia / Mantenimiento Civil.,,,,,
103,,Implementar tratamiento de aguas residuales en Mata de Plátano,"Construcción de sistema de tratamiento de aguas residuales y disposición de lodos generados en potabilización, incluyendo recirculación de agua.",Mejora en procesos de potabilización,MEA10,ME-A-10 Mata de Plátano,,,,,,Cumplir mandato normativo y gestionar adecuadamente aguas de lavado y lodos.,"Impacto principal: normativo. Apoyo: UEN Programación y Control, oficio UEN-PyDPP-GAM-2016-000459. Ruta propuesta: proyecto de inversión. Sí requiere solicitud de necesidad de proyecto. Ejecución: Proyecto 1, Mejoras a Plantas Potabilizadoras GAM.",,,,,
104,,Reconstruir unidad de floculación en Hacienda Vieja,"Reconstrucción de unidad de floculación para adecuarla al caudal, tiempo óptimo de floculación y gradientes de velocidad requeridos.",Mejora en procesos de potabilización,MEA27,ME-A-27 El Guarco,,,,,,Ajustar unidad de floculación a condiciones hidráulicas y de tratamiento requeridas.,Impacto principal: calidad y cantidad. Licitación vigente: 2024LY-000029-0021400001. Ruta propuesta: convenio marco. No requiere solicitud de necesidad de proyecto. Requiere apoyo de PyC para diseño. Ejecución: PyC diseño y términos de referencia / Mantenimiento Civil.,,,,,
105,,Construir dos filtros adicionales en Hacienda Vieja,Construcción de dos unidades de filtración adicionales para reducir afectaciones por retrolavados y mantenimiento de medios filtrantes.,Mejora en procesos de potabilización,MEA27,ME-A-27 El Guarco,,,,,,Mejorar continuidad de filtración durante retrolavados y mantenimiento.,"Impacto principal: calidad, cantidad y continuidad. Licitación vigente: 2024LY-000029-0021400001. Ruta propuesta: convenio marco. No requiere solicitud de necesidad de proyecto. Requiere apoyo de PyC para diseño. Ejecución: PyC diseño y términos de referencia / Mantenimiento Civil.",,,,,
106,,Construir tanque de almacenamiento en Hacienda Vieja,Construcción de tanque de almacenamiento para volumen de compensación y tiempo de contacto requerido para desinfección.,Mejora en Almacenamiento,MEA27,ME-A-27 El Guarco,,,,,,Incorporar volumen de compensación y mejorar condiciones de desinfección.,"Impacto principal: continuidad. Ruta propuesta: proyecto de inversión. Sí requiere solicitud de necesidad de proyecto. Agrupar iniciativas afines y remitir a Planificación. Ejecución: Proyecto 2, Tanques de Almacenamiento GAM.",,,,1500.0,
107,,Implementar tratamiento de aguas residuales en Hacienda Vieja,"Construcción de sistema de tratamiento de aguas residuales y disposición de lodos generados en potabilización, incluyendo recirculación de agua.",Mejora en procesos de potabilización,MEA27,ME-A-27 El Guarco,,,,,,Cumplir mandato normativo y gestionar adecuadamente aguas de lavado y lodos.,"Impacto principal: normativo. Apoyo: UEN Programación y Control, oficio UEN-PyDPP-GAM-2016-000459. Ruta propuesta: proyecto de inversión. Sí requiere solicitud de necesidad de proyecto. Ejecución: Proyecto 1, Mejoras a Plantas Potabilizadoras GAM.",,,,,
108,,Reconstruir tubería entre floculador y sedimentador en Higuito,Reconstrucción de tubería de unión entre floculación y sedimentación para permitir mayor caudal y menor ruptura del floc formado.,Mejora en procesos de potabilización,MEA27,ME-A-27 El Guarco,,,,,,Mejorar transferencia hidráulica entre unidades y proteger formación del floc.,Impacto principal: calidad y cantidad. Licitación vigente: 2024LY-000029-0021400001. Ruta propuesta: convenio marco. No requiere solicitud de necesidad de proyecto. Ejecución: PyC diseño y términos de referencia / Mantenimiento Civil.,,,,,
109,,Optimizar captación en Higuito,Reconstrucción de captación y sustitución de tubería de aducción hacia la planta.,Mejora en procesos de potabilización,MEA27,ME-A-27 El Guarco,,,,,,Mejorar infraestructura de captación y conducción hacia la planta.,Impacto principal: cantidad y continuidad. Licitación vigente: 2024LY-000029-0021400001. Ruta propuesta: convenio marco. No requiere solicitud de necesidad de proyecto. Requiere apoyo de PyC para diseño. Ejecución: PyC diseño y términos de referencia / Mantenimiento Civil.,,,,,
110,,Implementar tratamiento de aguas residuales en Higuito,"Construcción de sistema de tratamiento de aguas residuales y disposición de lodos generados en potabilización, incluyendo recirculación de agua.",Mejora en procesos de potabilización,MEA27,ME-A-27 El Guarco,,,,,,Cumplir mandato normativo y gestionar adecuadamente aguas de lavado y lodos.,"Impacto principal: normativo. Apoyo: UEN Programación y Control, oficio UEN-PyDPP-GAM-2016-000459. Ruta propuesta: proyecto de inversión. Sí requiere solicitud de necesidad de proyecto. Ejecución: Proyecto 1, Mejoras a Plantas Potabilizadoras GAM.",,,,,
111,,Remodelar Planta Potabilizadora Guadalupe,Rediseño de etapas de tratamiento para adecuarlas a la nueva calidad del agua cruda que recibe la planta.,Mejora en procesos de potabilización,MEA02,ME-A-02 Guadalupe,,,,,,Adecuar el proceso de tratamiento a la calidad actual del agua cruda.,"Impacto principal: calidad y continuidad. Apoyo: UEN Programación y Control, oficio SG-GSGAM-2021-02142. Ruta propuesta: proyecto de inversión. Sí requiere solicitud de necesidad de proyecto. Ejecución: Proyecto 1, Mejoras a Plantas Potabilizadoras GAM.",,,,,
112,,Implementar tratamiento de aguas residuales en Guadalupe,"Construcción de sistema de tratamiento de aguas residuales y disposición de lodos generados en potabilización, incluyendo recirculación de agua.",Mejora en procesos de potabilización,MEA02,ME-A-02 Guadalupe,,,,,,Cumplir mandato normativo y gestionar adecuadamente aguas de lavado y lodos.,"Impacto principal: normativo. Apoyo: UEN Programación y Control, oficio UEN-PyDPP-GAM-2016-000459. Ruta propuesta: proyecto de inversión. Sí requiere solicitud de necesidad de proyecto. Ejecución: Proyecto 1, Mejoras a Plantas Potabilizadoras GAM.",,,,,
113,,Instalar sensores para detección de eventos de contaminación,"Suministro e instalación de equipos de medición en tiempo real para alerta temprana ante contaminantes químicos en agua cruda, como aguas residuales, hidrocarburos, ácidos o bases.",Mejora en procesos de potabilización,Todas las plantas potabilizadoras,Todos los sistemas AyA,,,,,,Implementar alerta temprana para evitar ingreso de contaminantes a unidades de tratamiento.,Impacto principal: calidad. Ruta propuesta: licitación mayor. No requiere solicitud de necesidad de proyecto. Licitación en trámite por Plantas. Ejecución: Plantas.,,,,,
114,,Instalar medidores de caudal en agua cruda y agua potable,"Suministro e instalación de medidores de caudal para optimizar dosificación de insumos químicos, control de producción y cuantificación de aguas residuales generadas en lavados sanitarios.",Mejora en procesos de potabilización,Todas las plantas potabilizadoras,Todos los sistemas AyA,,,,,,Coordinar instalación y uso operativo de mediciones de caudal con Optimización/RANC.,Impacto principal: calidad. Apoyo: Optimización / RANC. Ruta propuesta: Optimización / RANC. No requiere solicitud de necesidad de proyecto. Ejecución: OS/RANC.,,,,,
115,,Implementar monitoreo de parámetros de calidad y mando a distancia,Instalación de equipos de medición en línea de parámetros fisicoquímicos y actuadores en válvulas de control para supervisión y control del proceso de potabilización.,Mejora en procesos de potabilización,Todas las plantas potabilizadoras,Todos los sistemas AyA,,,,,,Verificar alcance en licitación vigente e integrar monitoreo y telemando al proceso operativo.,Impacto principal: calidad. Ruta propuesta: licitación mayor. No requiere solicitud de necesidad de proyecto. Verificar alcance en licitación vigente de Plantas. Ejecución: Plantas.,,,,,
116,,Regularizar propiedades y servidumbres de infraestructura operativa,"Regularización de propiedades y servidumbres donde existen captaciones, desarenadores, tuberías, plantas potabilizadoras, tanques y estaciones de bombeo.",Regularización jurídica de infraestructura y terrenos,Todas las plantas potabilizadoras,Todos los sistemas AyA,,,,,,"Levantamientos topográficos, estudios registrales, planos catastrados, avalúos y formalización de derechos sobre terrenos y servidumbres.",Impacto principal: continuidad. Ruta propuesta: por definir / propuesta de contratación. No requiere solicitud de necesidad de proyecto. Ejecución: PyD / Contratación.,,,,,
117,,"Mejorar bombeo, condición eléctrica y protecciones en Lajas","Lajas: bomba adecuada, mejora eléctrica y protecciones. No existe bomba adecuada ni condiciones electromecánicas ideales; se propone bomba sumergible y mejora eléctrica.",Optimización,MEA29,ME-A-29 Lajas,,,,,,"Validar condiciones hidráulicas, diseñar la solución y ejecutar ajustes operativos o constructivos.",ID 66; Zona: Zona 3; Pri.: Urgente; Plazo: Corto; Costo: Mediano; Estado: Pendiente.,,,,,
118,,Reconfigurar abastecimiento para retirar tomas superficiales El Hoyo,"Reconfigurar abastecimiento para retirar tomas superficiales El Hoyo. Se plantea sacar de operación las tomas superficiales de El Hoyo que abastecen Hoja Blanca, Calle Holandés y Calle Jesús León, y evaluar ingreso de agua clorada desde Briceño u otra fuente segura.",Optimización,MEA12,ME-A-12 Quitirrisi (Ciudad Colon),,,,,,"Validar condiciones hidráulicas, diseñar la solución y ejecutar ajustes operativos o constructivos.",ID 67; Zona: Zona 3; Pri.: Urgente; Plazo: Corto a mediano; Costo: Alto; Estado: Pendiente.,,,,,
119,,Regularizar o reubicar conducción sin servidumbre en Briceño - Hoyo,"Regularizar o reubicar conducción sin servidumbre. Se identificó una tubería que atraviesa propiedades privadas sin servidumbre formal, con antecedentes de reparaciones en el sitio.",Regularización jurídica de infraestructura y terrenos,MEA12,ME-A-12 Quitirrisi (Ciudad Colon),,,,,,"Regularizar terrenos, accesos, servidumbres y derechos de paso de infraestructura existente.",ID 68; Zona: Zona 3; Pri.: Urgente; Plazo: Mediano; Costo: Mediano; Estado: Pendiente.,,,,,
120,,Construir nueva conducción desde tanque Pico Blanco hacia sectores altos,"Nueva conducción desde tanque Pico Blanco con derivaciones y VRP. Se discutió que el tanque Pico Blanco ronda cota 1500 msnm y podría permitir una línea de conducción para sectores altos, con interconexiones a distribución y reguladoras de presión en derivaciones.",Mejora en trasvase de agua entre sistemas de abastecimiento,MEA16,ME-A-16 Potrerillos-San Antonio,,,,,,"Validar condiciones hidráulicas, diseñar la solución y ejecutar ajustes operativos o constructivos.",ID 69; Zona: Zona 3; Pri.: Importante; Plazo: Mediano; Costo: Alto; Estado: Pendiente.,,,5.0,,
121,,Recuperar sexta fuente de Lajas y sustituir conducción dañada,"Recuperar sexta fuente de Lajas y sustituir conducción dañada. Se localizó una sexta fuente no incorporada al sistema, con aforo aproximado cercano a 1 L/s en verano; la tubería de conducción está completamente dañada y requiere sustitución.",Aumento de Recurso Hídrico,MEA29,ME-A-29 Lajas,,,,,,"Validar condiciones hidráulicas, diseñar la solución y ejecutar ajustes operativos o constructivos.",ID 70; Zona: Zona 3; Pri.: Urgente; Plazo: Corto; Costo: Mediano; Estado: Pendiente.,,,1.0,,
122,,"Construir tanque pequeño, cloración y conexión a tubería de 3 pulgadas en Lajas","Construir tanque pequeño, cloración y conexión a tubería de 3 pulgadas. Como solución rápida, se propone construir tanque pequeño tipo Calle El Alto, derivar agua hacia Lajas, instalar cloración y alimentar la tubería nueva de 3 pulgadas.",Mejora en Almacenamiento,MEA29,ME-A-29 Lajas,,,,,,"Definir sitio, capacidad, diseño y financiamiento para aumentar regulación y reserva operativa.",ID 71; Zona: Zona 3; Pri.: Urgente; Plazo: Corto a mediano; Costo: Mediano a alto; Estado: Pendiente.,,,,500.0,
123,,Investigar punto recurrente con agua no potable en Higuerones,Investigar punto con agua no potable y ejecutar lavado o corrección. Se indicó que existe un punto donde la muestra no da potable de forma recurrente; se desconoce si la causa son tuberías sucias u otra condición de la fuente.,Mejora en procesos de potabilización,MEA12,ME-A-12 Quitirrisi (Ciudad Colon),,,,,,"Identificar causa de afectación de calidad y ejecutar correcciones en fuente, conducción o tratamiento.",ID 72; Zona: Zona 3; Pri.: Urgente; Plazo: Corto; Costo: Bajo a mediano; Estado: Pendiente.,,,,,
124,,Aprovechar rebalse de Lajas para alimentar tanque El Carmen,"Aprovechar rebalse de Lajas para alimentar tanque El Carmen. Se planteó utilizar la tubería existente desde Naranjal hacia Lajas, mediante cajas y buen valvuleo, para introducir agua del rebalse de Lajas al tanque El Carmen y reducir carga al sistema Naranjal en invierno.",Mejora en trasvase de agua entre sistemas de abastecimiento,MEA29,ME-A-29 Lajas,,,,,,"Validar condiciones hidráulicas, diseñar la solución y ejecutar ajustes operativos o constructivos.",ID 73; Zona: Zona 3; Pri.: Importante; Plazo: Corto a mediano; Costo: Mediano; Estado: Pendiente.,,,5.0,,
125,,Mejorar bombeo hacia tanque Las Mulas,"Mejorar bombeo hacia tanque Las Mulas. El tanque Las Mulas no logra llenarse; las bombas pequeñas desde Bebedero se prenden y apagan constantemente y el abastecimiento hacia Las Mulas, Alto Raicero y parte de Bebedero resulta insuficiente.",Optimización,MEA16,ME-A-16 Potrerillos-San Antonio,,,,,,"Validar condiciones hidráulicas, diseñar la solución y ejecutar ajustes operativos o constructivos.",ID 74; Zona: Zona 3; Pri.: Urgente; Plazo: Corto a mediano; Costo: Mediano a alto; Estado: Pendiente.,,,,,
126,,Controlar conexiones irregulares y pérdidas en Las Cabañas / Las Mulas,Control físico de conexiones irregulares y pérdidas en precario. Se señaló un pequeño precario donde se reportan pérdidas y conexiones que afectan la tubería y podrían incidir en el desabastecimiento del tanque Las Mulas; se valoró colocar tramo de hierro protegido.,Ordenamiento comercial,MEA16,ME-A-16 Potrerillos-San Antonio,,,,,,"Regularizar conexiones, consumos, facturación y control físico-comercial del sector.",ID 75; Zona: Zona 3; Pri.: Urgente; Plazo: Corto; Costo: Bajo a mediano; Estado: Pendiente.,,,,,
127,,Reparar fugas y revisar bombeo hacia Carrizal,"Reparar fugas y revisar capacidad de bombeo hacia Carrizal. Se reportan problemas importantes con los bombeos de Corazón de Jesús hacia Carrizal; el tanque cuesta que llene, presenta fugas recurrentes y si no se llena no bombea hacia Tanque Luis Cero ni sectores asociados.",Mantenimiento Correctivo y Preventivo,MEA19,ME-A-19 Puente Mulas,,,,,,"Validar condiciones hidráulicas, diseñar la solución y ejecutar ajustes operativos o constructivos.",ID 76; Zona: Zona 3; Pri.: Urgente; Plazo: Corto; Costo: Mediano a alto; Estado: Pendiente.,,,,,
128,,Desarrollar bombeo desde Monasterio hacia sectores altos,"Desarrollar bombeo desde Monasterio hacia sectores altos. Se comentó un proyecto para bombear desde Tanque Monasterio en sentido inverso, con el fin de mejorar Las Mulas, Matinilla y otros sectores altos.",Mejora en trasvase de agua entre sistemas de abastecimiento,MEA19,ME-A-19 Puente Mulas,,,,,,"Definir esquema hidráulico, fuente, almacenamiento y redes para ampliar o reconfigurar cobertura.",ID 77; Zona: Zona 3; Pri.: Estratégico; Plazo: Mediano; Costo: Alto; Estado: Pendiente.,,,20.0,,
129,,Construir nueva tubería y eventual tanque en Ventolera para reforzar Matinilla,"Nueva tubería y eventual tanque en Ventolera para reforzar Matinilla. Se indicó que hacia Matinilla no existe tubería en ruta propuesta y que posible tanque municipal en Ventolera permitiría llevar agua hacia Fuente Venegas, donde se realizan cierres diarios para dar agua a la parte alta.",Mejora en trasvase de agua entre sistemas de abastecimiento,MEA19,ME-A-19 Puente Mulas,,,,,,"Definir esquema hidráulico, fuente, almacenamiento y redes para ampliar o reconfigurar cobertura.",ID 78; Zona: Zona 3; Pri.: Importante; Plazo: Mediano; Costo: Alto; Estado: Pendiente.,,,5.0,,
130,,Atender fuente Berral y fuente que se seca en verano,"Atender fuente que se seca en verano y se enturbia en invierno. Se describe fuente que se seca todos los veranos y, junto con Fuente Berral, se vuelve muy turbia en invierno.",Aumento de Recurso Hídrico,MEA24,ME-A-24 Matinilla,,,,,,"Confirmar disponibilidad de caudal, definir fuente o esquema de aprovechamiento y ejecutar infraestructura asociada.",ID 79; Zona: Zona 3; Pri.: Importante; Plazo: Mediano; Costo: Mediano; Estado: Pendiente.,,,1.0,,
131,,Reforzar operación de Salitral por cierre nocturno diario,"Reforzar operación por cierre nocturno diario de Salitral. El sistema de Salitral debe cerrarse diariamente en época seca para recuperar nivel, evidenciando limitación estacional de la toma del río Uruca.",Aumento de Recurso Hídrico,MEA05,ME-A-05 Salitral,,,,,,"Confirmar disponibilidad de caudal, definir fuente o esquema de aprovechamiento y ejecutar infraestructura asociada.",ID 80; Zona: Zona 3; Pri.: Urgente; Plazo: Corto; Costo: Bajo a mediano; Estado: Pendiente.,,,1.0,,
132,,Rehabilitar tanque Salitral por fugas,Rehabilitar tanque Salitral por fugas. Se indicó que el tanque asociado a Salitral está lleno de fugas y que se pierde una cantidad importante de agua.,Mantenimiento Correctivo y Preventivo,MEA05,ME-A-05 Salitral,,,,,,Atender fallas existentes y recuperar la funcionalidad de infraestructura crítica.,ID 81; Zona: Zona 3; Pri.: Urgente; Plazo: Corto; Costo: Mediano; Estado: Pendiente.,,,,,
133,,Atender fuente Cangrejal intermitente y situación de Los Montoya,"Atender fuente Cangrejal intermitente y situación de Los Montoya. La fuente Cangrejal es intermitente, se ensucia y genera quejas; el tanque de Montoya recibe bombeo desde la planta. Existe antecedente de asunción parcial con documentación pendiente de localizar.",Aumento de Recurso Hídrico,MEA05,ME-A-05 Salitral,,,,,,"Confirmar disponibilidad de caudal, definir fuente o esquema de aprovechamiento y ejecutar infraestructura asociada.",ID 82; Zona: Zona 3; Pri.: Importante; Plazo: Mediano; Costo: Mediano; Estado: Pendiente.,,,1.0,,
134,,Abastecer parte de Chirracal desde Monasterio para descargar Salitral,"Abastecer parte de Chirracal desde Monasterio para descargar Salitral. Se planteó mejorar Chirracal con agua desde Monasterio en lugar de Salitral, quitando carga a la planta para que quede mayor disponibilidad.",Mejora en trasvase de agua entre sistemas de abastecimiento,MEA05,ME-A-05 Salitral,,,,,,"Definir esquema hidráulico, fuente, almacenamiento y redes para ampliar o reconfigurar cobertura.",ID 83; Zona: Zona 3; Pri.: Importante; Plazo: Mediano; Costo: Mediano a alto; Estado: Pendiente.,,,5.0,,
135,,Derivar desde Monasterio-Salitral y valorar tanque en La Chimba,Derivar desde Monasterio-Salitral y valorar tanque en La Chimba. Se discutió dejar derivación de 30 a 40 L/s en la mejora Monasterio-Salitral y colocar tanque en La Chimba para abastecer Barrio España y Cebadilla con elevación adecuada.,Mejora en trasvase de agua entre sistemas de abastecimiento,MEA23,ME-A-23 Barrio Espana,,,,,,"Definir esquema hidráulico, fuente, almacenamiento y redes para ampliar o reconfigurar cobertura.",ID 84; Zona: Zona 3; Pri.: Urgente; Plazo: Corto a mediano; Costo: Alto; Estado: Pendiente.,,,40.0,,
136,,Verificar viviendas sin hidrómetro y posibles conexiones irregulares en Barrio España,"Verificar viviendas sin hidrómetro y posibles conexiones irregulares. Se señaló un grupo de casas sin hidrómetros visibles en un fondo del sector, con posibilidad de conexión irregular o conexión a un hidrómetro existente.",Ordenamiento comercial,MEA23,ME-A-23 Barrio Espana,,,,,,"Regularizar conexiones, consumos, facturación y control físico-comercial del sector.",ID 85; Zona: Zona 3; Pri.: Urgente; Plazo: Corto; Costo: Bajo; Estado: Pendiente.,,,,,
137,,Ordenar y sustituir red de distribución tipo maraña en Barrio España / Cebadilla,"Ordenar y sustituir red de distribución tipo maraña. Se describió una red de distribución inadecuada, con una maraña de tuberías hacia la parte baja del sector, que conviene cambiar y ordenar.",Sustitución de tuberías,MEA23,ME-A-23 Barrio Espana,,,,,,"Priorizar, diseñar y financiar la sustitución de redes o conducciones deterioradas.",ID 86; Zona: Zona 3; Pri.: Importante; Plazo: Corto a mediano; Costo: Mediano a alto; Estado: Pendiente.,,,,,2.0
138,,Relocalizar bombeo público a predio AyA en Hacienda Paraíso / Calle San Marcos,"Relocalizar bombeo público a predio AyA. El bombeo público está en sitio inapropiado; se coordina con municipalidad para mover cercas y trasladarlo a propiedad de AyA, con participación de topografía y personal de bombeo.",Regularización jurídica de infraestructura y terrenos,MEA16,ME-A-16 Potrerillos-San Antonio,,,,,,"Regularizar terrenos, accesos, servidumbres y derechos de paso de infraestructura existente.",ID 87; Zona: Zona 3; Pri.: Importante; Plazo: Corto a mediano; Costo: Mediano; Estado: Pendiente.,,,,,
139,,Resolver baja presión en Calle San Marcos / El Triunfo / Matra - Brasil,"Resolver baja presión por dependencia directa de Matra y falta de amortiguamiento. Una tubería cruza río y propiedades a campo traviesa para abastecer El Triunfo; cuando opera Matra o se llena tanque Brasil, sectores pierden presión. Se valora tanque en propiedad que podrían donar.",Mejora en Almacenamiento,MEA16,ME-A-16 Potrerillos-San Antonio,,,,,,"Definir esquema hidráulico, fuente, almacenamiento y redes para ampliar o reconfigurar cobertura.",ID 88; Zona: Zona 3; Pri.: Urgente; Plazo: Mediano; Costo: Alto; Estado: Pendiente.,,,,500.0,
140,,Regularizar o reubicar tuberías profundas dentro de condominio,"Regularizar o reubicar tuberías profundas dentro de condominio. El pozo y tuberías del sistema pasan por debajo de una piscina y propiedades privadas; se reportó tubería a 6 m de profundidad y red en estado fatal, fuera de calle pública.",Regularización jurídica de infraestructura y terrenos,MEA16,ME-A-16 Potrerillos-San Antonio,,,,,,"Priorizar, diseñar y financiar la sustitución de redes o conducciones deterioradas.",ID 89; Zona: Zona 3; Pri.: Urgente; Plazo: Mediano; Costo: Alto; Estado: Pendiente.,,,,,
141,,Evaluar reactivación de pozos de Corteza Amarilla o alternativa hidrogeológica,"Evaluar reactivación de pozos de Cortés Amarilla o alternativa hidrogeológica. Se identifican pozos con potencial de 1,7 L/s y otro menor en contexto condominal; se valoró convenio similar a Pedregal o buscar un pozo alterno mediante estudio hidrogeológico.",Aumento de Recurso Hídrico,MEA16,ME-A-16 Potrerillos-San Antonio,,,,,,"Confirmar disponibilidad de caudal, definir fuente o esquema de aprovechamiento y ejecutar infraestructura asociada.",ID 90; Zona: Zona 3; Pri.: Importante; Plazo: Mediano; Costo: Mediano a alto; Estado: Pendiente.,,,1.7,,
142,,Optimizar excedentes de Pozo Castilla hacia tanque Edward y Villacón,"Optimizar excedentes de Pozo Castilla hacia tanque Edward y Villacón. Pozo Castilla llena tanque Edward y luego bombea hacia Cortés Amarilla. Se planteó utilizar excedentes de invierno o rebalses para aportar a Villacón, con reacomodo de conducción.",Aumento de Recurso Hídrico,MEA16,ME-A-16 Potrerillos-San Antonio,,,,,,"Confirmar disponibilidad de caudal, definir fuente o esquema de aprovechamiento y ejecutar infraestructura asociada.",ID 91; Zona: Zona 3; Pri.: Importante; Plazo: Corto a mediano; Costo: Mediano; Estado: Pendiente.,,,1.0,,
143,,Verificar pozo fuera de operación cerca de Corteza Amarilla,"Verificar pozo fuera de operación y oportunidad de recuperación. Se comentó la existencia de un pozo que fue sacado de operación en un terreno del AyA o cercano, asociado a expansión de vivienda; se considera una oportunidad a revisar.",Aumento de Recurso Hídrico,MEA16,ME-A-16 Potrerillos-San Antonio,,,,,,"Confirmar disponibilidad de caudal, definir fuente o esquema de aprovechamiento y ejecutar infraestructura asociada.",ID 92; Zona: Zona 3; Pri.: Importante; Plazo: Mediano; Costo: Por definir; Estado: Pendiente.,,,1.0,,
144,,Verificar servidumbre de acceso y estado del tanque Rodríguez,"Verificar servidumbre de acceso y estado del tanque Rodríguez. Se indicó que el tanque Rodríguez estaría en propiedad del AyA, pero no se tiene claridad sobre servidumbre/acceso formal; el ingreso se realiza por una casa y portón.",Regularización jurídica de infraestructura y terrenos,MEA16,ME-A-16 Potrerillos-San Antonio,,,,,,"Formalizar servidumbres, terrenos y accesos para operación y mantenimiento.",ID 93; Zona: Zona 3; Pri.: Importante; Plazo: Corto a mediano; Costo: Bajo a mediano; Estado: Pendiente.,,,,,
145,,Investigar alimentación desconocida del tanque Retana,Investigar alimentación desconocida del tanque Retana. El tanque Retana se mantiene lleno aunque Pozo Piquín trabaja muy poco; se desconoce si existe conexión desde ASADA u otra interconexión no identificada hacia el tanque.,Relación con ASADAS y terceros,MEA16,ME-A-16 Potrerillos-San Antonio,,,,,,"Ordenar la relación institucional, legal, comercial y operativa con terceros.",ID 94; Zona: Zona 3; Pri.: Urgente; Plazo: Corto; Costo: Bajo a mediano; Estado: Pendiente.,,,,,
146,,Aprovechar Pozo Piquín para reforzar Corteza Amarilla y sectores cercanos,"Aprovechar Pozo Piquín para reforzar Cortés Amarilla y sectores cercanos. Pozo Piquín tendría aforos aproximados de 4 a 5 L/s; se propone evaluar conducción hacia Tanque Edward, Cortés Amarilla u otros sectores, según caudal disponible.",Aumento de Recurso Hídrico,MEA16,ME-A-16 Potrerillos-San Antonio,,,,,,"Confirmar disponibilidad de caudal, definir fuente o esquema de aprovechamiento y ejecutar infraestructura asociada.",ID 95; Zona: Zona 3; Pri.: Estratégico; Plazo: Mediano; Costo: Alto; Estado: Pendiente.,,,5.0,,
147,,Sustituir tubería de una pulgada y formular proyecto en Bajo Sardinal,Sustituir tubería de una pulgada y formular proyecto de ampliación. En Bajo Sardinal existe tubería de una pulgada y se requiere proyecto; hay antecedente de extensión de 150 mm hasta el frente del predio/colegio.,Sustitución de tuberías,MEA16,ME-A-16 Potrerillos-San Antonio,,,,,,"Priorizar, diseñar y financiar la sustitución de redes o conducciones deterioradas.",ID 96; Zona: Zona 3; Pri.: Importante; Plazo: Mediano; Costo: Alto; Estado: Pendiente.,,,,,2.0
148,,Sustituir o reubicar conducción a campo traviesa hacia San Bosco,"Sustituir o reubicar conducción a campo traviesa hacia San Bosco. La tubería desde Planta Quitirrisí hasta San Bosco va a campo traviesa, con presiones muy altas y reparaciones complejas; se calificó como una bomba de tiempo.",Sustitución de tuberías,MEA12,ME-A-12 Quitirrisi (Ciudad Colon),,,,,,"Priorizar, diseñar y financiar la sustitución de redes o conducciones deterioradas.",ID 97; Zona: Zona 3; Pri.: Urgente; Plazo: Mediano; Costo: Alto; Estado: Pendiente.,,,,,10.0
149,,Renovar redes de una pulgada o menores en Ticufres / Quebrada Honda,Renovar redes de una pulgada o menores y atender bajas de verano. Ticufres baja mucho en verano; se menciona afectación puntual a una usuaria y redes de Quebrada Honda/Ticufres de una pulgada o menos.,Sustitución de tuberías,MEA26,ME-A-26 Ticufres-Quebrada Honda,,,,,,"Priorizar, diseñar y financiar la sustitución de redes o conducciones deterioradas.",ID 98; Zona: Zona 3; Pri.: Importante; Plazo: Corto a mediano; Costo: Mediano a alto; Estado: Pendiente.,,,,,5.0
150,,Continuar cambio de redes y reconfiguración para evitar caída de Villacón,"Continuar cambio de redes y reconfiguración para evitar caída de Villacón. Cuando se abren pozos para Calle Cubilla, baja Villacón; al cerrar, sube Villacón pero Calle Cubilla queda sin agua. Ya se hicieron cajas y se están cambiando redes.",Sustitución de tuberías,MEA16,ME-A-16 Potrerillos-San Antonio,,,,,,"Priorizar, diseñar y financiar la sustitución de redes o conducciones deterioradas.",ID 99; Zona: Zona 3; Pri.: Importante; Plazo: Corto a mediano; Costo: Mediano; Estado: Pendiente.,,,,,2.0
151,,Separar impulsión y distribución en Lomas Real,"Separar impulsión y distribución en Lomas Real. El tanque funciona de cola y existe una sola línea para impulsión y distribución; cuando el bombeo se apaga, el sector pierde presión de inmediato. Se requiere impulsión nueva o línea separada.",Sustitución de tuberías,MEA16,ME-A-16 Potrerillos-San Antonio,,,,,,"Priorizar, diseñar y financiar la sustitución de redes o conducciones deterioradas.",ID 100; Zona: Zona 3; Pri.: Importante; Plazo: Mediano; Costo: Mediano a alto; Estado: Pendiente.,,,,,2.0
152,,Renovar tuberías viejas y de diámetros pequeños en sector oeste,"Renovar tuberías viejas y de diámetros pequeños. En centro de Escazú, partes de Santa Ana y Colón predominan tuberías viejas y diámetros pequeños; también se mencionó cambio gradual de polietileno en Escazú.",Sustitución de tuberías,MEA19,ME-A-19 Puente Mulas,,,,,,"Priorizar, diseñar y financiar la sustitución de redes o conducciones deterioradas.",ID 101; Zona: Zona 3; Pri.: Estratégico; Plazo: Mediano a largo; Costo: Alto; Estado: Pendiente.,,,,,5.0
153,,Reordenar y redistribuir producción de pozos activos,Reordenar y redistribuir producción de pozos activos. Se concluye que varios pozos activos podrían no estar aprovechándose adecuadamente; se sugiere reordenamiento y redistribución del recurso hídrico para definir aprovechamientos por sector.,Aumento de Recurso Hídrico,MEA16,ME-A-16 Potrerillos-San Antonio,,,,,,"Confirmar disponibilidad de caudal, definir fuente o esquema de aprovechamiento y ejecutar infraestructura asociada.",ID 102; Zona: Zona 3; Pri.: Estratégico; Plazo: Mediano; Costo: Mediano; Estado: Pendiente.,,,10.0,,
154,,"Mejorar almacenamiento y bombeos en Los Sitios, Las Nubes y Chiverrales","Almacenamiento y bombeos en Los Sitios, Las Nubes y Chiverrales. Necesidad general de almacenamiento y bombeos; tanque Escuela Las Nubes y refuerzo bombeado hacia Chiverrales.",Mejora en Almacenamiento,MEA04,ME-A-04 Los Sitios,,,,,,"Validar condiciones hidráulicas, diseñar la solución y ejecutar ajustes operativos o constructivos.",ID 103; Zona: Zona 4; Pri.: Estratégico; Plazo: Mediano; Costo: Alto; Estado: Pendiente.,,,,5000.0,
155,,Aumentar producción del sistema San Pablo,Aumento de producción pues el sistema es deficitario. Se requiere perforación y equipamiento de los pozos La Meseta 2 y Las Cruces.,Aumento de Recurso Hídrico,MEA15,ME-A-15 San Pablo,,,,,,"Confirmar disponibilidad de caudal, definir fuente o esquema de aprovechamiento y ejecutar infraestructura asociada.",ID 104; Zona: Zona 4; Pri.: Estratégico; Plazo: Mediano a largo; Costo: Mediano; Estado: Pendiente.,,,20.0,,
156,,Aumentar producción de La Finca mediante trasvase hacia PP San Rafael,Aumento de producción pues el sistema es deficitario. Analizar propuesta de trasvase La Finca - PP San Rafael.,Mejora en trasvase de agua entre sistemas de abastecimiento,MEA14,ME-A-14 San Rafael de Coronado,,,,,,"Confirmar disponibilidad de caudal, definir fuente o esquema de aprovechamiento y ejecutar infraestructura asociada.",ID 105; Zona: Zona 4; Pri.: Estratégico; Plazo: Mediano a largo; Costo: Mediano; Estado: Pendiente.,,,10.0,,
157,,Aumentar producción de Chiverrales mediante trasvase desde PP San Rafael,Aumento de producción pues el sistema es deficitario. Analizar propuesta de trasvase PP San Rafael - Chiverrales.,Mejora en trasvase de agua entre sistemas de abastecimiento,MEA21,ME-A-21 Chiverrales,,,,,,"Confirmar disponibilidad de caudal, definir fuente o esquema de aprovechamiento y ejecutar infraestructura asociada.",ID 106; Zona: Zona 4; Pri.: Estratégico; Plazo: Mediano a largo; Costo: Mediano; Estado: Pendiente.,,,10.0,,
158,,Aumentar producción del sistema Pizote,Aumento de producción pues el sistema es deficitario.,Aumento de Recurso Hídrico,MEA22,ME-A-22 Pizote,,,,,,"Confirmar disponibilidad de caudal, definir fuente o esquema de aprovechamiento y ejecutar infraestructura asociada.",ID 107; Zona: Zona 4; Pri.: Estratégico; Plazo: Mediano a largo; Costo: Mediano a alto; Estado: Pendiente.,,,5.0,,
159,,Aumentar producción de La Finca mediante trasvase Ipís-Coronado-La Finca y nuevo pozo,"Aumento de producción pues el sistema es deficitario. Propuesta de trasvase Ipís - Coronado - La Finca con caudal de Guadalupe, así como nuevo pozo La Finca.",Mejora en trasvase de agua entre sistemas de abastecimiento,MEA08,ME-A-08 Los Cuadros,,,,,,"Confirmar disponibilidad de caudal, definir fuente o esquema de aprovechamiento y ejecutar infraestructura asociada.",ID 108; Zona: Zona 4; Pri.: Estratégico; Plazo: Mediano a largo; Costo: Mediano a alto; Estado: Pendiente.,,,20.0,,
160,,Aumentar producción del sistema Mata de Plátano,Aumento de producción pues el sistema es deficitario.,Aumento de Recurso Hídrico,MEA10,ME-A-10 Mata de Plátano,,,,,,"Confirmar disponibilidad de caudal, definir fuente o esquema de aprovechamiento y ejecutar infraestructura asociada.",ID 109; Zona: Zona 4; Pri.: Estratégico; Plazo: Mediano a largo; Costo: Mediano a alto; Estado: Pendiente.,,,5.0,,
161,,Construir nuevo tanque en Escuela Las Nubes de Coronado,Nuevo tanque en Escuela Las Nubes de Coronado.,Mejora en Almacenamiento,MEA21,ME-A-21 Chiverrales,,,,,,"Definir sitio, capacidad, diseño y financiamiento para aumentar regulación y reserva operativa.",ID 110; Zona: Zona 4; Pri.: Estratégico; Plazo: Mediano a largo; Costo: Mediano a alto; Estado: Pendiente.,,,,1000.0,
162,,Regular distribución en Vista Mar para sector El Durazno,"Regulación en la distribución para sector El Durazno, final de red del sistema.",Optimización,MEA28,ME-A-28 Vista de Mar,,,,,,"Validar condiciones hidráulicas, diseñar la solución y ejecutar ajustes operativos o constructivos.",ID 111; Zona: Zona 4; Pri.: Estratégico; Plazo: Corto a mediano; Costo: Mediano a alto; Estado: Pendiente.,,,,,
163,,Instalar VSP para mejorar abastecimiento en La Isla de Moravia,Se requiere VSP para mejorar condiciones de abastecimiento en La Isla de Moravia.,Optimización,MEA04,ME-A-04 Los Sitios,,,,,,"Validar condiciones hidráulicas, diseñar la solución y ejecutar ajustes operativos o constructivos.",ID 112; Zona: Zona 4; Pri.: Estratégico; Plazo: Corto a mediano; Costo: Bajo; Estado: Pendiente.,,,,,
164,,Trasladar zona de presión Barrio Saprissa a tanques de Guadalupe,Traslado zona de presión Barrio Saprissa a tanques de Guadalupe.,Mejora en trasvase de agua entre sistemas de abastecimiento,MEA04,ME-A-04 Los Sitios,,,,,,"Definir esquema hidráulico, fuente, almacenamiento y redes para ampliar o reconfigurar cobertura.",ID 113; Zona: Zona 4; Pri.: Estratégico; Plazo: Mediano; Costo: Bajo a mediano; Estado: Pendiente.,,,2.0,,
165,,Sustituir impulsión PP Los Sitios - Platanares en Calle El Ruano,"Se requiere sustitución de tubería impulsión PP Los Sitios - Platanares, tramo Calle El Ruano, por altas presiones y alta incidencia de fugas.",Sustitución de tuberías,MEA04,ME-A-04 Los Sitios,,,,,,"Priorizar, diseñar y financiar la sustitución de redes o conducciones deterioradas.",ID 114; Zona: Zona 4; Pri.: Estratégico; Plazo: Corto a mediano; Costo: Mediano; Estado: Pendiente.,,,,,5.0
166,,"Sustituir tubería de distribución en Calle Limburgia, Calle Elías y Calle Leandro","Se requiere sustitución de tubería distribución en Calle Limburgia, Calle Elías y Calle Leandro para mejorar presiones de los servicios de esos sectores.",Sustitución de tuberías,MEA22,ME-A-22 Pizote,,,,,,"Priorizar, diseñar y financiar la sustitución de redes o conducciones deterioradas.",ID 115; Zona: Zona 4; Pri.: Estratégico; Plazo: Corto a mediano; Costo: Mediano; Estado: Pendiente.,,,,,2.0
167,,Sustituir tuberías frente a Municipalidad de San Pablo,"Se requiere sustitución de tuberías en calle frente a Municipalidad de San Pablo por fugas recurrentes, Avenida 4 hacia el sur.",Sustitución de tuberías,MEA15,ME-A-15 San Pablo,,,,,,"Priorizar, diseñar y financiar la sustitución de redes o conducciones deterioradas.",ID 116; Zona: Zona 4; Pri.: Estratégico; Plazo: Corto a mediano; Costo: Mediano; Estado: Pendiente.,,,,,1.0
168,,Aumentar capacidad de almacenamiento del sistema San Pablo,Se requiere aumentar la capacidad de almacenamiento para el sistema. Se cuenta con terreno para el tanque La Meseta 2.,Mejora en Almacenamiento,MEA15,ME-A-15 San Pablo,,,,,,"Definir sitio, capacidad, diseño y financiamiento para aumentar regulación y reserva operativa.",ID 117; Zona: Zona 4; Pri.: Estratégico; Plazo: Mediano a largo; Costo: Mediano a alto; Estado: Pendiente.,,,,5000.0,
169,,Actualizar catastro de redes y válvulas en Puriscal,"Actualización de catastro de redes y válvulas. Ramales nuevos no incorporados, válvulas no referenciadas e incertidumbre catastral.",Optimización,MEA31,ME-A-31 Puriscal,,,,,,"Levantar, depurar y mantener información confiable para la toma de decisiones.",ID 118; Zona: Zona 5; Pri.: Urgente; Plazo: Corto; Costo: Mediano; Estado: Pendiente.,,,,,
170,,Aumentar almacenamiento en Santiago-Junquillo,Aumento de almacenamiento en Santiago-Junquillo. Junquillo no da abasto; se propuso tanque de 1000 m³ en Junquillo Metálico y conducción desde Barbacoas.,Mejora en Almacenamiento,MEA31,ME-A-31 Puriscal,,,,,,"Definir sitio, capacidad, diseño y financiamiento para aumentar regulación y reserva operativa.",ID 119; Zona: Zona 5; Pri.: Urgente; Plazo: Mediano; Costo: Alto; Estado: Pendiente.,,,,1000.0,
171,,Valorar nuevo tanque en San Antonio de Puriscal,Valorar nuevo tanque en San Antonio. Posibilidad de enviar agua por gravedad desde Junquillo; en verano se agrava el desabastecimiento.,Mejora en Almacenamiento,MEA31,ME-A-31 Puriscal,,,,,,"Definir sitio, capacidad, diseño y financiamiento para aumentar regulación y reserva operativa.",ID 120; Zona: Zona 5; Pri.: Urgente; Plazo: Mediano; Costo: Alto; Estado: Pendiente.,,,,5000.0,
172,,Trasladar y mejorar rebombeo Junquillo–Cerbatana,Traslado/mejora del rebombeo Junquillo–Cerbatana y mejora eléctrica con ICE. Trasladar rebombeo a Junquillo Metálico; pasar de 220 a 480 V y de 8 L/s a 20 L/s.,Optimización,MEA31,ME-A-31 Puriscal,,,,,,"Validar condiciones hidráulicas, diseñar la solución y ejecutar ajustes operativos o constructivos.",ID 121; Zona: Zona 5; Pri.: Urgente; Plazo: Corto a mediano; Costo: Alto; Estado: Pendiente.,,,20.0,,
173,,Sustituir o normalizar conducciones con diámetros ineficientes en Puriscal,Sustitución/normalización de conducciones con diámetros ineficientes. Conducciones largas con reducciones de 100-75-63-38 mm generan tapones e ineficiencia.,Sustitución de tuberías,MEA31,ME-A-31 Puriscal,,,,,,"Priorizar, diseñar y financiar la sustitución de redes o conducciones deterioradas.",ID 122; Zona: Zona 5; Pri.: Urgente; Plazo: Mediano; Costo: Alto; Estado: Pendiente.,,,,,10.0
174,,Mejorar telemetría y automatización en Puriscal,Mejora de telemetría y automatización. Incluir más variables; hay tanques alejados con poca señal.,Optimización,MEA31,ME-A-31 Puriscal,,,,,,"Levantar, depurar y mantener información confiable para la toma de decisiones.",ID 123; Zona: Zona 5; Pri.: Importante; Plazo: Corto; Costo: Mediano; Estado: Pendiente.,,,,,
175,,Dar mantenimiento y robustecer VRP en Puriscal,Mantenimiento y robustecimiento de VRP. Si se pierde una VRP hay riesgo de rotura de tuberías.,Mantenimiento Correctivo y Preventivo,MEA31,ME-A-31 Puriscal,,,,,,"Validar condiciones hidráulicas, diseñar la solución y ejecutar ajustes operativos o constructivos.",ID 124; Zona: Zona 5; Pri.: Urgente; Plazo: Corto; Costo: Mediano; Estado: Pendiente.,,,,,
176,,Regularizar infraestructura en propiedad privada en Puriscal,"Regularización de infraestructura en propiedad privada. Limita reparaciones, accesos y mantenimiento.",Regularización jurídica de infraestructura y terrenos,MEA31,ME-A-31 Puriscal,,,,,,"Formalizar servidumbres, terrenos y accesos para operación y mantenimiento.",ID 125; Zona: Zona 5; Pri.: Urgente; Plazo: Mediano; Costo: Mediano; Estado: Pendiente.,,,,,
177,,Resolver operación de La Gloria y San Gabriel / eventual traslado a Periféricos,"Resolver operación de Gloria y San Gabriel / eventual traslado a Periféricos. Sectores muy alejados, de difícil respuesta, con maniobras manuales en época seca.",Optimización,MEA31,ME-A-31 Puriscal,,,,,,"Definir modelo de operación, responsables y capacidad de atención del sistema.",ID 126; Zona: Zona 5; Pri.: Importante; Plazo: Mediano; Costo: Bajo a mediano; Estado: Pendiente.,,,,,
178,,Atender asentamientos informales de San Antonio de Puriscal,Atención de asentamientos informales de San Antonio. Asentamiento cerca del CAIS; intento de desconexión generó conflicto.,Ordenamiento comercial,MEA31,ME-A-31 Puriscal,,,,,,"Regularizar conexiones, consumos, facturación y control físico-comercial del sector.",ID 127; Zona: Zona 5; Pri.: Urgente; Plazo: Corto; Costo: Bajo a mediano; Estado: Pendiente.,,,,,
179,,Retomar aforos de nacientes en Puriscal,Retomar aforos de nacientes. Recientemente no se han realizado aforos.,Optimización,MEA31,ME-A-31 Puriscal,,,,,,"Levantar, depurar y mantener información confiable para la toma de decisiones.",ID 128; Zona: Zona 5; Pri.: Importante; Plazo: Corto; Costo: Bajo; Estado: Pendiente.,,,,,
180,,Consolidar cartera de mediano y largo plazo para Puriscal,"Puriscal: cartera mediano y largo plazo, DLZ / SAID / BPIP. Incluye tanques, impulsiones, desarenadores, válvulas, conexiones periféricas, captación Bajo Guevara y otros componentes estructurales.",Optimización,MEA31,ME-A-31 Puriscal,,,,,,"Validar condiciones hidráulicas, diseñar la solución y ejecutar ajustes operativos o constructivos.",ID 129; Zona: Zona 5; Pri.: Estratégico; Plazo: Mediano a largo; Costo: Alto; Estado: Pendiente.,,,,,
181,,Aumentar almacenamiento en Planta Potabilizadora Los Sitios,"Construcción de tanque de almacenamiento de aproximadamente 4.000 m³ en la Planta Potabilizadora Los Sitios, para mejorar regulación, reserva operativa y continuidad del abastecimiento.",Mejora en Almacenamiento,MEA04,ME-A-04 Los Sitios,,,,,,"Definir ubicación, capacidad final, diseño hidráulico, integración con la planta y financiamiento.",Iniciativa propuesta para valorar. Volumen preliminar aproximado: 4.000 m³.,,,,4000.0,
182,,Aumentar almacenamiento en sector Thunderbird,"Construcción de tanque de almacenamiento de aproximadamente 500 m³ en sector Thunderbird, asociado a la posibilidad de aprovechar mayor caudal de la Fuente Carazo y ordenar el abastecimiento de San Diego, Yenny, Eulalia y sectores relacionados.",Mejora en Almacenamiento,MEA01,ME-A-01 Tres Rios,,,,,,"Confirmar disponibilidad de caudal de Fuente Carazo; definir esquema hidráulico de distribución; ubicación del tanque; terrenos, servidumbres y diseño.",Iniciativa propuesta para valorar. Volumen preliminar aproximado: 500 m³.,,,,500.0,
183,,Aumentar almacenamiento en San Pablo,"Construcción de tanque de almacenamiento de aproximadamente 1.000 m³ en el sector de la Agencia de San Pablo, para mejorar regulación, reserva y continuidad operativa del sistema.",Mejora en Almacenamiento,MEA15,ME-A-15 San Pablo,,,,,,"Confirmar disponibilidad del terreno, capacidad requerida, diseño hidráulico, integración al sistema y financiamiento.",Iniciativa propuesta para valorar. Volumen preliminar aproximado: 1.000 m³.,,,,1000.0,
184,,Aumentar almacenamiento en Salitral,"Construcción de nuevo tanque de almacenamiento de aproximadamente 1.500 m³ en ubicación cercana al tanque actual, complementario a los mantenimientos previstos sobre la infraestructura existente.",Mejora en Almacenamiento,MEA05,ME-A-05 Salitral,,,,,,"Definir ubicación del nuevo tanque, disponibilidad de terreno, servidumbres, diseño, interconexión hidráulica y financiamiento.","Iniciativa propuesta para valorar. Volumen preliminar aproximado: 1.500 m³. Se plantea como infraestructura nueva, no como sustitución de los mantenimientos al tanque existente.",,,,1500.0,
185,,Incorporar almacenamiento estratégico en CNP,"Construcción de tanque de almacenamiento de aproximadamente 10.000 a 15.000 m³ para que el campo de pozos CNP tribute hacia el tanque, acompañado de una nueva estación de bombeo.",Mejora en Almacenamiento,MEA16,ME-A-16 Potrerillos-San Antonio,,,,,,"Definir esquema hidráulico del campo de pozos, ubicación del tanque, capacidad final, nueva estación de bombeo, requerimientos eléctricos, terrenos, servidumbres y financiamiento.",Iniciativa propuesta para valorar. Volumen preliminar aproximado: 10.000 a 15.000 m³. Requiere análisis hidráulico integral por su posible impacto entre sistemas.,,,,15000.0,
186,,Aumentar capacidad de conducción entre MATRA y Ciudad Colón,"Instalación de una tubería de conducción dedicada entre la estación de rebombeo MATRA, en Santa Ana, y los tanques de Ciudad Colón en Mora, para atender limitaciones de conducción, crecimiento de la demanda y problemas de desabastecimiento en el cantón de Mora.",Mejora en trasvase de agua entre sistemas de abastecimiento,MEA16,ME-A-16 Potrerillos-San Antonio,,,,,,"Definir ruta y diseño de la conducción dedicada; gestionar permisos, servidumbres y derechos de paso; integrar hidráulicamente la conducción con la estación MATRA y los tanques de Ciudad Colón; tramitar contratación y financiamiento.",Nueva iniciativa incorporada desde PDF Impulsión MATRA-Ciudad Colón. El documento indica que Mora se abastece desde MEA16 mediante el rebombeo MATRA y que la infraestructura de conducción existente es limitada.,,,20.0,,
187,,Desarrollar estudios hidrogeológicos en sectores críticos para nuevas fuentes,"Programar y ejecutar estudios hidrogeológicos en sectores críticos del Acueducto Metropolitano, con el fin de identificar sitios potenciales para perforación de pozos y respaldar decisiones de incorporación de caudal en sistemas deficitarios.",Aumento de Recurso Hídrico,Varios sistemas GAM,Acueducto Metropolitano,,,,,,"Priorizar sitios, coordinar con Gestión Ambiental, definir estrategia de perforación exploratoria/productiva y articular adquisición de terrenos.",Agregado desde Informe de necesidades UEN OS-2026. El informe identifica como acción prioritaria el desarrollo acelerado de estudios hidrogeológicos en sectores críticos.,,,,,
188,,Gestionar bienes inmuebles estratégicos para futuras captaciones y pozos,"Identificación, adquisición y regularización de propiedades, servidumbres y derechos de paso requeridos para captaciones, pozos, estaciones de bombeo, conducciones e infraestructura estratégica asociada a nuevas fuentes.",Regularización jurídica de infraestructura y terrenos,Varios sistemas GAM,Acueducto Metropolitano,,,,,,"Coordinar con Bienes Inmuebles, SAID y áreas técnicas para asegurar terrenos y servidumbres antes de formular o ejecutar proyectos.",Agregado desde Informe de necesidades UEN OS-2026. Se señala debilidad GAM en adquisición de terrenos y servidumbres para nuevos pozos y captaciones.,,,,,
189,,Construir lagunas de retención en La Finca de AyA,"Desarrollo de pequeñas lagunas de retención para apoyar la operación de fuentes vulnerables a contaminación química o biológica, reduciendo riesgos sobre la continuidad y la calidad del abastecimiento.",Optimización,Por definir,La Finca de AyA / sistemas asociados,,,,,,"Definir alcance hidráulico, ubicación, operación, criterios de calidad del agua, permisos y articulación con el sistema de potabilización o captación asociado.",Agregado desde Informe de necesidades UEN OS-2026. El documento menciona la propuesta de pequeñas lagunas en La Finca de AyA para fuentes vulnerables.,,,,,
190,,Desarrollar diagnósticos técnicos integrales de plantas potabilizadoras prioritarias,"Contratación o ejecución de diagnósticos técnicos integrales para valorar condición estructural, electromecánica, hidráulica, operativa, SCADA y necesidades de rehabilitación en plantas potabilizadoras críticas.",Mejora en procesos de potabilización,Varios sistemas GAM,"Plantas San Juan de Dios, Los Cuadros, San Jerónimo, Alajuelita y Orosí",,,,,,"Definir términos de referencia especializados, priorizar plantas, coordinar con SAID/Periféricos y estructurar financiamiento y cartera de rehabilitación.",Agregado desde Informe de necesidades UEN OS-2026. Se identifican plantas prioritarias y la necesidad de diagnósticos técnicos integrales.,,,,,
191,,Fortalecer procesos de preinversión y formulación BPIP de iniciativas GAM,"Fortalecimiento de procesos institucionales para formulación de perfiles, estudios de factibilidad, estudios de preinversión, actualización de BPIP suspendidos y activación de centros gestores para iniciativas PRAGAM y proyectos GAM.",Optimización,Varios sistemas GAM,Acueducto Metropolitano,,,,,,"Conformar capacidad técnica o apoyo institucional para tramitar de forma ágil estudios, perfiles, BPIP, cronogramas y programación financiera.",Agregado desde Informe de necesidades UEN OS-2026. El documento identifica como ruta crítica la preinversión y formulación de BPIP.,,,,,
192,,Desarrollar plan de contingencia metropolitano por atrasos de PAAM y proyectos de pozos,"Consolidación de un plan de contingencia para infraestructura crítica y vulnerabilidad operativa del Acueducto Metropolitano, considerando posibles atrasos en PAAM y en proyectos de incorporación de pozos.",Optimización,Varios sistemas GAM,Acueducto Metropolitano,,,,,,"Definir escenarios de riesgo, acciones de mitigación, prioridades operativas, responsables, cronogramas y coordinación entre áreas técnicas.",Agregado desde Informe de necesidades UEN OS-2026. El informe recomienda desarrollar un plan de contingencia metropolitano ante atrasos con PAAM.,,,,,
193,,Implementar monitoreo continuo y automatización de infraestructura crítica GAM,"Incorporación de monitoreo en línea, integración SCADA, medición continua de caudales, control de presiones, monitoreo de fuentes superficiales, mínimos nocturnos, automatización de plantas y estaciones, gestión de datos históricos y alertas tempranas.",Optimización,Varios sistemas GAM,Acueducto Metropolitano,,,,,,"Coordinar con RANC, SCADA, Gestión Ambiental y Centro de Control para ampliar puntos de monitoreo, instalar equipos y establecer metodología permanente.","Agregado desde Informe de necesidades UEN OS-2026. Se identifica la automatización, monitoreo y gestión inteligente como eje transversal.",,,,,
194,,Implementar infraestructura de respaldo operativo en sistemas críticos,"Incorporación de plantas eléctricas, sistemas redundantes y respaldo operativo para reducir vulnerabilidad ante fallas eléctricas, eventos climáticos o interrupciones en infraestructura crítica.",Optimización,Varios sistemas GAM,Acueducto Metropolitano,,,,,,"Definir sitios críticos, dimensionar equipos de respaldo, coordinar electrificación, operación y mantenimiento preventivo.",Agregado desde Informe de necesidades UEN OS-2026. El documento menciona infraestructura de respaldo mediante plantas eléctricas y sistemas redundantes.,,,,,
195,,Fortalecer equipamiento técnico y tecnológico para modernización operativa,"Adquisición y mantenimiento de equipos para detección de fugas, medición de caudales y presiones, telemetría, automatización, SCADA, instrumentación de monitoreo continuo, plantas eléctricas, equipos topográficos, herramientas especializadas y plataformas de gestión de datos.",Optimización,Varios sistemas GAM,Acueducto Metropolitano,,,,,,"Priorizar equipos, definir contratos de adquisición/mantenimiento, asignar responsables y asegurar capacidad de operación y uso de datos.",Agregado desde Informe de necesidades UEN OS-2026. El informe recomienda fortalecer el equipamiento técnico y tecnológico para la modernización operativa.,,,,,
196,,Integrar Calle Hornos al sistema de ASADA El Rosario de Naranjo,"Valoración e integración de Calle Hornos al sistema de ASADA El Rosario, Naranjo de Alajuela, de acuerdo con la iniciativa registrada en la matriz de priorización.",Relación con ASADAS y terceros,ASADA,ASADA El Rosario Naranjo de Alajuela,,,,,,"Definir alcance técnico, legal y operativo de la integración; validar capacidad de la ASADA, población beneficiada y responsabilidades institucionales.",Agregado desde Priorización iniciativas Acued-SG-GSGAM-2025-00449. Código iniciativa SD-GAM-A-01; no se encontró duplicado en el listado base.,,,,,
197,,Fortalecer procesos administrativos y contratación para infraestructura crítica GAM,"Fortalecimiento de adquisiciones, administración contractual, elaboración de carteles, seguimiento presupuestario y programación financiera para reducir tiempos de ejecución y agilizar infraestructura crítica.",Optimización,Varios sistemas GAM,Acueducto Metropolitano,,,,,,"Definir responsables, estandarizar términos de referencia, mejorar programación financiera y seguimiento contractual.",Agregado desde Informe de necesidades UEN OS-2026. El informe identifica esta necesidad para agilizar la implementación de infraestructura crítica.,,,,,
